00000000 cb3f
ffffffff 34c1
7fffffff fffb
80000000 0005
00000001 cb3f
00017f16 cb3f
00510bef d066
00bdacda d2f7
00e19d50 d4b9
0118c69b d614
0174a166 d72f
018e48b8 d820
01f5e35d d8f2
02024998 d9ac
026147c6 da55
0287f959 daee
02c291d4 db7b
031ded5d dbfe
0348a953 dc78
03b1b5d4 dcea
03fa69c1 dd56
04309b30 ddbc
044814b3 de1d
04a60d0d de79
04cb9c90 ded1
05281e59 df25
05758d25 df76
05bf3ea2 dfc4
05d41906 e00f
062fef69 e057
067a2387 e09d
06ac7bd6 e0e1
06e114b8 e122
072a10ed e162
076b28ef e19f
07a677db e1db
07f95a2b e216
083d8eff e24e
0865c523 e286
08be8683 e2bc
08db139c e2f1
0937e131 e324
096935c2 e357
09be1172 e388
09de5340 e3b8
0a1b4acf e3e8
0a63ffbe e416
0aad3f61 e444
0ac28c45 e470
0b28ac7a e49c
0b4defd0 e4c7
0b85512b e4f1
0bc1cc69 e51b
0c252ce2 e544
0c529eb2 e56c
0cab1e26 e593
0cd21e29 e5ba
0d0e5e2c e5e1
0d417470 e606
0db1aa11 e62c
0dfae87d e650
0e3cb381 e674
0e54d47c e698
0e98f27f e6bb
0ee73f37 e6de
0f277a0b e700
0f504e29 e722
0fb777eb e743
0fe9b5ba e764
101a336b e784
104e3a59 e7a5
10afaa05 e7c4
10f6480d e7e4
11370b91 e803
117aba85 e821
11918125 e840
11cc0b18 e85e
12318c9c e87b
127348ad e899
12aab7ea e8b6
12e2d02a e8d3
132a0b3c e8ef
137419a0 e90b
1382e786 e927
13dbdaf2 e943
1434fb64 e95e
14762f26 e97a
149d4b84 e994
14c6b79e e9af
153faef9 e9c9
1558cbd9 e9e4
15a2a744 e9fe
15df7aaf ea17
162e5e51 ea31
164ef0a4 ea4a
169c9dca ea63
16f9d7a7 ea7c
173ee706 ea95
175a7a1f eaad
1794484c eac5
17d27b8c eadd
18186152 eaf5
187e4b84 eb0d
18a46f49 eb25
18e76984 eb3c
193c2ab2 eb53
197e1f8c eb6a
1986c823 eb81
19c4a9d4 eb98
1a25d98d ebae
1a6cdcdc ebc5
1a8f320e ebdb
1adff946 ebf1
1b218185 ec07
1b53b71c ec1d
1baa72d1 ec32
1bc774f5 ec48
1c0f9267 ec5d
1c6458db ec72
1c8b02bd ec87
1ce45b6e ec9c
1d20cc25 ecb1
1d5b54b8 ecc6
1da8ac5b ecdb
1dda9326 ecef
1e2255af ed03
1e46324e ed18
1e85e7a1 ed2c
1ec972b3 ed40
1f120d07 ed53
1f47d981 ed67
1f8d7db8 ed7b
1fedd1d0 ed8e
20121aeb eda2
2063a350 edb5
20ae5439 edc8
20d41c03 eddc
2124ab65 edef
21697845 ee01
2196e7dd ee14
21e29117 ee27
22330503 ee3a
22588ba3 ee4c
22a6343a ee5f
22f424b0 ee71
2329a2c1 ee83
234d5439 ee95
23911c06 eea8
23e9137a eeba
24089dae eecb
24556b38 eedd
249fa94a eeef
24fc0f26 ef01
2514dd07 ef12
257d1e75 ef24
2588978e ef35
25cacd38 ef47
26167f0c ef58
264885f8 ef69
26ba9582 ef7a
26dcb720 ef8b
270934b7 ef9c
27523ab8 efad
27aadcb5 efbe
27f7d29b efcf
2837ac17 efdf
28431098 eff0
289d389b f001
28fe9c24 f011
29388a9f f022
29798f1f f032
299ae5a3 f042
29cace8e f052
2a1ebed7 f063
2a49fa1f f073
2a962de3 f083
2ac6bd3a f093
2b3a1f06 f0a3
2b4b53e8 f0b3
2ba4011b f0c2
2bd19cc4 f0d2
2c381e11 f0e2
2c567791 f0f1
2cb4b285 f101
2cc4993f f111
2d021fd3 f120
2d4481bc f12f
2d9c1299 f13f
2dc6bf2a f14e
2e2c934f f15d
2e547f5d f16d
2eb4f2d9 f17c
2ef405f5 f18b
2f31e227 f19a
2f755add f1a9
2f8c9f14 f1b8
2fd3777d f1c7
301dd92b f1d6
30632bed f1e4
30839640 f1f3
30d713d4 f202
310c866f f211
316b9846 f21f
31a13933 f22e
31e2444b f23c
32154c2d f24b
32550c1c f259
32874dcd f268
32c31f45 f276
3324de6c f284
336c988c f293
338da4d2 f2a1
33c466bc f2af
343f36e8 f2bd
346c25be f2cb
349d28d9 f2d9
34d47334 f2e8
351adf5f f2f6
354ff72d f303
35afcc65 f311
35eabe81 f31f
3636521a f32d
3641a6f1 f33b
36bbb2a7 f349
36c16076 f356
3710288d f364
37720dfd f372
37af4516 f37f
37e0ef13 f38d
381bd8b1 f39b
386bdbc0 f3a8
38acbdb5 f3b6
38cb671f f3c3
3900a50f f3d0
396f11ed f3de
3982707e f3eb
39f4c92d f3f8
3a065fa7 f406
3a5643f0 f413
3ab963dc f420
3afaf2bc f42d
3b156a30 f43b
3b7d1c28 f448
3b9fe5e8 f455
3be48058 f462
3c2a634d f46f
3c6fe5c2 f47c
3ca288be f489
3cde0ef4 f496
3d008586 f4a3
3d628d88 f4b0
3db838b3 f4bc
3de4da1d f4c9
3e1d2d17 f4d6
3e7de9fe f4e3
3eaf38a5 f4f0
3ec08ecb f4fc
3f29d041 f509
3f4138ca f516
3f81f611 f522
3fc8ef2e f52f
40257b1a f53c
4061e9b5 f548
408cc17d f555
40d2ddad f561
412ee241 f56e
4154b445 f57a
41bf8379 f587
41f5a348 f593
423e3c1f f59f
426435ca f5ac
429252b3 f5b8
42efa374 f5c4
4317e070 f5d1
4372b7a2 f5dd
438c72ef f5e9
43c96869 f5f5
4400a77d f602
447422a5 f60e
44ba0558 f61a
44ff0fad f626
452f3ebc f632
454318a7 f63e
45b1c9a1 f64a
45fdd2cc f656
4639f8d8 f662
464619f9 f66e
46ac05ba f67a
46c09f08 f686
470f9146 f692
474bb4ca f69e
47bf2c4f f6aa
47ce52e4 f6b6
4825a193 f6c2
487dd3da f6ce
488aa8ce f6d9
48cd47b8 f6e5
4920fd2b f6f1
494e1dbb f6fd
49b8e4be f709
49efc2f6 f714
4a21bc1f f720
4a58fba9 f72c
4a98ac6d f737
4afea5ba f743
4b1922e8 f74f
4b492059 f75a
4b92453f f766
4bc12748 f771
4c0212c0 f77d
4c4927ca f788
4cb22ad3 f794
4cdccbac f7a0
4d065724 f7ab
4d4c4afc f7b6
4d91d283 f7c2
4de23593 f7cd
4e3ef903 f7d9
4e4f3b13 f7e4
4ebf1149 f7f0
4eca880d f7fb
4f064140 f806
4f7301e3 f812
4fbe18ae f81d
4fe03a89 f828
503618b8 f834
504858f5 f83f
5099d280 f84a
50f1d0d0 f855
512bf430 f861
516b2e0e f86c
51bdb632 f877
51da84c3 f882
5218f544 f88d
524ba8ca f899
528e3425 f8a4
52f2ff4c f8af
5332ba15 f8ba
53548d2b f8c5
53a27cad f8d0
53d704aa f8db
5428d82a f8e6
54437210 f8f1
5495a462 f8fd
54cba88b f908
5502d72c f913
557f61a8 f91e
55a1671b f929
55d17a10 f934
563eeb2c f93f
564ae452 f949
5697cb82 f954
56f52e65 f95f
5727a115 f96a
57569ba1 f975
57b1e9b7 f980
57c6a1bf f98b
581286b2 f996
587411c4 f9a1
58bde533 f9ac
58cc8c8c f9b6
59292ca9 f9c1
59794091 f9cc
59979e30 f9d7
59f7dc88 f9e2
5a10f369 f9ec
5a7df629 f9f7
5ab02e36 fa02
5ac65f1d fa0d
5b0024a2 fa17
5b7784dd fa22
5bb94f91 fa2d
5bf9664c fa38
5c0c73ce fa42
5c4b88a2 fa4d
5cbff7c6 fa58
5cedc0e6 fa62
5d02dd83 fa6d
5d606a23 fa78
5daffd3b fa82
5ddf37de fa8d
5e31aed9 fa97
5e5f555f faa2
5e87ac2b faad
5ee7819a fab7
5f36c3ac fac2
5f7dad6f facc
5f970d4a fad7
5fe168f0 fae2
60330179 faec
6040357b faf7
609e151c fb01
60c0c2cd fb0c
6119e185 fb16
6144479b fb21
619461e4 fb2b
61f95636 fb36
62369fb7 fb40
62525dad fb4b
62a07c77 fb55
62c75605 fb60
631cbcb3 fb6a
636830f9 fb75
63bf32fe fb7f
63e682ad fb89
64003eb3 fb94
6454e165 fb9e
648543f2 fba9
64de0766 fbb3
652568ae fbbd
6560a226 fbc8
65af9f86 fbd2
65c856b2 fbdd
6627d8a0 fbe7
667eae07 fbf1
668ffae2 fbfc
66fd69d4 fc06
6721b1b1 fc10
6771b499 fc1b
67adc2aa fc25
67dce6b7 fc2f
683a40b7 fc3a
684b277d fc44
68813a81 fc4e
68d05626 fc58
6918fc31 fc63
695b1e09 fc6d
69b7c140 fc77
69e96d6d fc82
6a330ca4 fc8c
6a5e9960 fc96
6abb833f fca0
6af9b677 fcab
6b370f80 fcb5
6b4daf35 fcbf
6ba86d89 fcc9
6bccddc5 fcd4
6c05a44d fcde
6c6ca102 fce8
6c9c94bf fcf2
6ccb23d2 fcfc
6d231a91 fd07
6d682d7f fd11
6d8684fd fd1b
6dcae6c5 fd25
6e3da79d fd2f
6e4b92d1 fd3a
6eb80913 fd44
6eee56a4 fd4e
6f13d993 fd58
6f69dbf3 fd62
6f80da1f fd6c
6fedd40e fd77
702b25d7 fd81
70672c8a fd8b
70be7196 fd95
70c63091 fd9f
7118659f fda9
71677a67 fdb3
719d900b fdbe
71e2fc19 fdc8
72165b74 fdd2
7265f402 fddc
729ff0a7 fde6
72fc1c42 fdf0
73327597 fdfa
737346c6 fe04
73bcf365 fe0e
73ef41ba fe19
7403e29e fe23
7451b104 fe2d
749663b4 fe37
74e7ae0f fe41
75339e1a fe4b
756737b0 fe55
758a7611 fe5f
75cc2250 fe69
762aaf74 fe73
765abf9d fe7d
7688c1e2 fe87
76e0247e fe92
772ce18f fe9c
77743784 fea6
77a94b8c feb0
77c70ae3 feba
78149578 fec4
78650ed6 fece
78874235 fed8
78d590d5 fee2
7934a21b feec
795620ee fef6
79a163eb ff00
79c7e52c ff0a
7a1451ae ff14
7a5b0bc4 ff1e
7abe62ae ff28
7adc26d0 ff32
7b21192f ff3c
7b5fa3b7 ff46
7bab8696 ff50
7bfb97ee ff5b
7c33fd4c ff65
7c7908c8 ff6f
7ca4471c ff79
7cc9043f ff83
7d31d046 ff8d
7d69da04 ff97
7dad6fa0 ffa1
7dd4a013 ffab
7e2ac50e ffb5
7e79d0e0 ffbf
7e93cb3c ffc9
7eef3192 ffd3
7f025d31 ffdd
7f7cb426 ffe7
7f84c599 fff1
7fe38ad2 fffb
80028c66 0005
80569713 000f
80bfd8ac 0019
80f4d368 0023
8131bd77 002d
814069d0 0037
81b69d69 0041
81e7d090 004b
822caee6 0055
825febd3 005f
82b0fdef 0069
82edbf60 0073
83260ed1 007d
8369c6b1 0087
8399dac9 0091
83ff13b7 009b
8415ee21 00a5
844a8c7a 00b0
8491e151 00ba
84d9e98f 00c4
853c7e03 00ce
855df5ad 00d8
85963a6c 00e2
85f4bcb2 00ec
863efea6 00f6
86473969 0100
868f401b 010a
86d3938d 0114
8720c247 011e
877628d4 0128
879f3773 0132
87e6d57b 013c
882e323c 0146
8872c786 0150
88a7c077 015a
88fecc12 0164
8904e5e5 016e
894f375c 0179
89a496a2 0183
89c808f4 018d
8a29383e 0197
8a77f3fb 01a1
8aaafac6 01ab
8ae774ac 01b5
8b2069a1 01bf
8b70bc16 01c9
8b925f0c 01d3
8bfd5944 01dd
8c107a71 01e7
8c430e8d 01f2
8ca6f997 01fc
8cf6e9d8 0206
8d2fa1bc 0210
8d69f895 021a
8dba4cd1 0224
8df04aca 022e
8e36287f 0238
8e4b1ec7 0242
8e8f9184 024d
8ee3429a 0257
8f3aad26 0261
8f428649 026b
8f83932c 0275
8fe9e9aa 027f
901f5f6e 0289
905602c6 0294
909a754b 029e
90c64a5d 02a8
911bfbb2 02b2
9146cc50 02bc
9188cf4c 02c6
91f56381 02d1
922e2cbe 02db
92539a04 02e5
92a21776 02ef
92d72906 02f9
932cca57 0304
936e354b 030e
93a1389a 0318
93dfcdcd 0322
94369218 032c
944c23dc 0337
94996df6 0341
94c62914 034b
9524e86e 0355
954756bd 0360
95870dd1 036a
95d2aa0e 0374
9632ea55 037e
967cfc81 0389
96b78bef 0393
96efb08d 039d
971af1bb 03a8
977c396c 03b2
9785900b 03bc
97d4c5e1 03c6
9817ca0f 03d1
986fcead 03db
988e88aa 03e5
98d18627 03f0
993c60e5 03fa
996c6596 0404
99aee052 040f
99d3341d 0419
9a1ce942 0423
9a7a7230 042e
9a885b9f 0438
9ae11947 0443
9b35adc9 044d
9b4aa4ad 0457
9b8f044b 0462
9bc44f0d 046c
9c3c14b6 0477
9c49763b 0481
9c948218 048b
9cdcf5a3 0496
9d2cc69b 04a0
9d58843c 04ab
9d8a575f 04b5
9debcd33 04c0
9e00b785 04ca
9e722ada 04d5
9eb131de 04df
9ec5cc79 04ea
9f3a83f3 04f4
9f570382 04ff
9fa570b4 0509
9fc202df 0514
a0316d5f 051e
a05f00ce 0529
a097efb8 0534
a0e94c1a 053e
a12ff48a 0549
a145db08 0553
a1bd63a1 055e
a1edd4f8 0569
a20ec448 0573
a2538961 057e
a299525c 0588
a2f497ae 0593
a33f7854 059e
a377bd06 05a8
a39068c9 05b3
a3eb2511 05be
a407e6fb 05c8
a47658f3 05d3
a4b9b774 05de
a4e04957 05e9
a5026b33 05f3
a55942e4 05fe
a58e260e 0609
a5f35d51 0614
a61b7f6f 061e
a654adb3 0629
a6ae0d03 0634
a6fe647c 063f
a73a6e07 064a
a77d4c23 0654
a7a35c48 065f
a7daea61 066a
a812c5ca 0675
a879995c 0680
a8a28376 068b
a8ecd40e 0696
a937ceaf 06a1
a9768b0d 06ac
a9ae42c1 06b7
a9d9a864 06c1
aa1940d9 06cc
aa4c9cb2 06d7
aaad2217 06e2
aae964bc 06ed
ab359b64 06f8
ab656ce1 0703
ababf461 070f
abfad482 071a
ac230cd8 0725
ac559ca2 0730
aca96b67 073b
ace6f8fd 0746
ad1f4ba8 0751
ad5777fd 075c
ada2123a 0767
adc6be07 0773
ae1d1f16 077e
ae68d972 0789
aeb7c351 0794
aedace64 079f
af256f28 07ab
af6533a5 07b6
af8617ea 07c1
affc908e 07cc
b020ad61 07d8
b07e30f3 07e3
b091fc19 07ee
b0e4ba5f 07fa
b11bb56a 0805
b14b8d5a 0810
b1a8be8e 081c
b1ea6933 0827
b2114592 0833
b268e5c4 083e
b2bd8189 084a
b2fbaf2d 0855
b322d851 0860
b3639c28 086c
b3b830b5 0878
b3d92033 0883
b4172592 088f
b46a1881 089a
b48a7d7a 08a6
b4ce9654 08b1
b51b2f91 08bd
b55de378 08c9
b5b8dd6d 08d4
b5e1e574 08e0
b6219eb2 08ec
b66be2b5 08f7
b69ca7c2 0903
b6e35aa8 090f
b70aca14 091b
b765531f 0927
b7a62ea8 0932
b7c2a2ee 093e
b81dc72f 094a
b8741db0 0956
b8918708 0962
b8f1ef3c 096e
b90dd677 097a
b94433f1 0986
b9afa860 0992
b9d300b4 099e
ba1933ad 09aa
ba47736f 09b6
ba9f527d 09c2
bac61f6d 09ce
bb2b4578 09da
bb45d0e2 09e6
bb979917 09f2
bbf3eb6e 09fe
bc16aeef 0a0b
bc6a6eff 0a17
bca07e0c 0a23
bcc70737 0a2f
bd31c88a 0a3c
bd753086 0a48
bdab3d47 0a54
bdf49006 0a61
be170c55 0a6d
be6cb273 0a79
beb40377 0a86
bee30496 0a92
bf39a2d6 0a9f
bf6480da 0aab
bfbbc2b4 0ab8
bfe8c626 0ac4
c026d129 0ad1
c06e7040 0ade
c09f9e90 0aea
c0e53b05 0af7
c12acf54 0b04
c1658524 0b10
c18ea866 0b1d
c1c3281b 0b2a
c21957c5 0b37
c25efaa3 0b44
c28ec9c9 0b50
c2c73143 0b5d
c331a97b 0b6a
c3535389 0b77
c3b7a6fb 0b84
c3d8f117 0b91
c400cbfd 0b9e
c47dd26b 0bab
c4a2d9f6 0bb8
c4d156cb 0bc5
c51467c4 0bd3
c563ca5a 0be0
c5be5f13 0bed
c5ee552b 0bfa
c62b72cf 0c08
c66a78e0 0c15
c6be8ef3 0c22
c6d397ee 0c30
c71aefa6 0c3d
c75ffebf 0c4a
c79c7363 0c58
c7f4b586 0c65
c83eb9ca 0c73
c853a2b0 0c81
c88ff3ca 0c8e
c8fe1c56 0c9c
c93c5893 0caa
c971a151 0cb7
c9882745 0cc5
c9ed4821 0cd3
ca21a7fd 0ce1
ca6e9c1b 0cef
ca928665 0cfd
caff7e7f 0d0a
cb2476da 0d18
cb5900a6 0d27
cb9ecc5c 0d35
cbc18a71 0d43
cc219198 0d51
cc6656da 0d5f
ccbc68f9 0d6d
ccfa43e3 0d7c
cd217367 0d8a
cd499620 0d98
cd9fe490 0da7
cdd642e4 0db5
ce1ea8aa 0dc4
ce6aded2 0dd2
ceb23e3e 0de1
ceef02cc 0def
cf0e84ad 0dfe
cf45ed58 0e0d
cf820061 0e1c
cfd24c3c 0e2a
d01ef634 0e39
d05da8db 0e48
d0b0ec96 0e57
d0f938cc 0e66
d1121b36 0e75
d14799dc 0e84
d18e7a00 0e93
d1de7987 0ea3
d2266060 0eb2
d26781ed 0ec1
d2893beb 0ed1
d2e66d23 0ee0
d3200711 0eef
d37a494d 0eff
d3a461ab 0f0f
d3dde174 0f1e
d437c1aa 0f2e
d444af13 0f3e
d49368ea 0f4d
d4dde3a9 0f5d
d5381f61 0f6d
d56b28c3 0f7d
d5882602 0f8d
d5c2988d 0f9d
d61dbe2f 0fae
d655e30e 0fbe
d6b90d4e 0fce
d6dc3581 0fde
d731d3e7 0fef
d773876e 0fff
d7b849f3 1010
d7de9d5c 1021
d82858a1 1031
d872f707 1042
d89bd2f5 1053
d8ce7187 1064
d93e5b66 1075
d96c8f88 1086
d9867987 1097
d9fa240c 10a8
da0da605 10b9
da7d913b 10cb
da859ec5 10dc
dac74fa1 10ee
db0d6bf4 10ff
db55b4b7 1111
dbacd613 1123
dbc36d3a 1135
dc168123 1146
dc418715 1158
dcb90a7f 116b
dcf908cc 117d
dd25f91a 118f
dd5dea67 11a1
dd892dbd 11b4
ddf089f5 11c6
de285847 11d9
de6d4d1a 11ec
deb6cd18 11ff
dece10cf 1211
df2dd839 1224
df78e245 1238
df88e1e0 124b
dfc45f7e 125e
e00cc01b 1272
e07f70a9 1285
e0966a09 1299
e0e1b143 12ad
e10a17d7 12c0
e1652f76 12d4
e1b6c31f 12e8
e1d2abf1 12fd
e21e0118 1311
e250c570 1325
e29b4863 133a
e2ead5f0 134f
e3143282 1364
e379ca5c 1379
e3b09671 138e
e3ecf819 13a3
e41e0805 13b8
e4520c92 13ce
e4b0e7f0 13e3
e4ef0d06 13f9
e5278a84 140f
e55ad791 1425
e5a024ae 143b
e5d7e8fb 1452
e62a3e13 1468
e67e3648 147f
e6996100 1496
e6d2fa93 14ad
e7142f35 14c4
e77b4f5b 14db
e799728f 14f3
e7e437cd 150b
e8235083 1523
e8710eb5 153b
e899e495 1553
e8f6ef72 156b
e91a93d4 1584
e96617ac 159d
e9b544e3 15b6
e9e5e0c3 15cf
ea3aa8e3 15e9
ea55e2a5 1602
eabfabf2 161c
eadf66b7 1637
eb01597e 1651
eb5fc9dd 166c
eb9582f0 1686
ebf6a3d7 16a2
ec32f02e 16bd
ec4d8a3e 16d9
ec829670 16f5
ece5464f 1711
ed0ff86c 172d
ed785767 174a
ed94b38a 1767
ede9cceb 1785
ee142ed7 17a2
ee67468c 17c0
ee852f43 17df
eecba7e9 17fd
ef0a5b48 181c
ef7e78bf 183c
efb818ea 185b
effc410a 187c
f0065231 189c
f05160a6 18bd
f0bdd01b 18de
f0e311c9 1900
f12d612d 1922
f16391e0 1945
f1bb493f 1968
f1ea0d87 198c
f2264ade 19b0
f272426b 19d4
f2a9f079 19fa
f2e41837 1a1f
f303e35f 1a46
f36c4f76 1a6d
f3822c65 1a94
f3f9c881 1abc
f40542ed 1ae5
f4419148 1b0f
f495fcdf 1b39
f4e54e81 1b64
f530a106 1b90
f56e173c 1bbc
f5948146 1bea
f5c9ed95 1c18
f6138f3f 1c48
f6535cd9 1c78
f6889b69 1ca9
f6f22a15 1cdc
f73c8a2a 1d0f
f7474115 1d44
f7a40e6e 1d7a
f7d3b7ea 1db2
f81c0fd4 1dea
f85e5e10 1e25
f88dab78 1e61
f8f78851 1e9e
f9254d3e 1ede
f95ee622 1f1f
f9885b83 1f63
f9f266b3 1fa9
fa31f9f4 1ff1
fa4f4376 203c
faadc591 208a
fafa9a4f 20db
fb287912 212f
fb505ded 2187
fbad27bd 21e3
fbf44924 2244
fc1c8855 22aa
fc652a6e 2316
fcb7a707 2388
fce0dc47 2402
fd0410de 2485
fd6191d0 2512
fdab5c86 25ab
fde18b20 2654
fe34e9be 270e
fe7ca2e8 27e0
feb53923 28d1
fec1b02c 29ec
ff36bb49 2b47
ff42f453 2d09
ffb7c10c 2f9a
fff1ef00 34c1
b4e3566f 08b1
b14a1ea9 0810
bcb5242c 0a23
a381e57b 05b3
25f71554 ef47
bcf74276 0a2f
8949739b 0179
82157776 0055
255fc787 ef24
31265f2a f211
4e64121e f7e4
789d8389 fed8
a97be6af 06ac
a817b18a 0675
f4b60537 1b39
a82234d1 0675
bef6b6d8 0a92
96b09b85 0393
4fb5da5a f81d
7125aad9 fda9
e2d8c86a 134f
4a7e3b39 f72c
4a5c876c f72c
0be2851d e51b
df393da0 1224
726bf0a4 fddc
44a690ae f61a
f5bb351e 1bea
ff892751 2f9a
2bfa047b f0d2
09ea70f3 e3b8
0797ffa7 e1db
b1931877 081c
c74fcc85 0c4a
0374a5cf dc78
2f625d34 f1a9
5ee671da fab7
ca3a80f5 0ce1
897aa72a 0179
88fc08ed 0164
ce4b3982 0dd2
98b3d729 03e5
bd4f8ca9 0a48
4e718268 f7e4
e902dcc1 1584
4ce3369b f7a0
9a0c95cf 0423
5680958e f954
d513522d 0f6d
0c90b9d8 e593
73317a48 fdfa
c33fcca8 0b6a
1850d579 eb0d
6a0068c8 fc8c
172de72c ea95
208e684b edc8
0cd60449 e5ba
be8bcb66 0a86
c264f54c 0b44
bc8620ee 0a23
5a20e299 f9ec
dbb27419 1123
bc3d5c97 0a0b
722f3bad fdd2
c0a90ccc 0aea
0d33081c e5e1
8662dc32 0100
443e0890 f602
39db8005 f3f8
2b7ab3e7 f0b3
21d5dd38 ee27
359bfb65 f311
f48181b7 1b39
64b100dd fba9
8472e7ba 00b0
5f8273bb fad7
78616852 fece
277b79b4 efad
26fae9b4 ef8b
0c39753f e544
e4289c79 13b8
df1af9f7 1224
7af50085 ff32
826eb7bf 005f
c038464b 0ad1
e64a76e1 147f
bea16dbd 0a86
17987bd3 eac5
5c848afb fa58
4cec1c86 f7a0
6fdd682d fd77
97d3b060 03c6
54aaee4a f8fd
9b7fe803 0457
abd08c65 071a
636173fa fb75
78c76c0b fee2
4a48ca32 f72c
7daaea9f ffa1
4bbc6ea1 f766
dfa822a4 124b
20840f78 edc8
29e27e53 f052
db95ccd1 1123
609baf33 fb01
a4e16474 05e9
86e30372 0114
442d5b4e f602
586dc2f6 f9a1
37345b64 f364
817a82d2 0037
143156f3 e95e
84d43793 00c4
01a2b7f1 d820
39510496 f3de
d097d9b2 0e57
c1737f21 0b10
0426e1e6 ddbc
757b32e3 fe55
af590176 07b6
6c698942 fce8
785bdf76 fece
1ee39973 ed40
dacb750e 10ee
ebd13a40 16a2
5ecb92e9 fab7
75bf9ecc fe5f
05d1037c e00f
78dd5a56 fee2
b0eea630 07fa
df3d82fa 1224
929e87f9 02ef
b1baef81 081c
c0c7cb55 0af7
28008b6c efdf
1a476102 ebc5
076b586b e19f
213e37d2 edef
1aedd2a1 ebf1
a253bd3c 057e
9942e56f 0404
e2a64cd9 133a
0757e7fd e19f
f959bd53 1f1f
43c5dd7e f5f5
32a69628 f268
d6544b3b 0fbe
efce50ea 187c
4b5d4c2e f75a
7677cb47 fe7d
9278c265 02e5
98fc316e 03f0
82462a60 005f
66e9ce4a fc06
3fd5b458 f52f
517c8c61 f86c
3a2c505f f406
745dfabc fe2d
710ad774 fda9
936f4379 030e
140828e0 e95e
fa3b4191 1ff1
1aef1706 ebf1
83cf4c6f 009b
e238807f 1311
acb0d13c 073b
1652fc45 ea4a
12d10ac4 e8d3
53543c6a f8c5
bdeedc44 0a61
a169f394 0553
e0b47fd3 1299
6cba9ffa fcf2
4f19ec89 f806
9e5d6089 04d5
b3e09550 0883
d515ed9f 0f6d
4378f0ad f5dd
7b2d829f ff3c
1bb4da27 ec32
3ce73a8e f496
a0a3b260 0534
a73f21d6 064a
e035e0ab 1272
49d2118f f714
74bc7156 fe37
c036d2ef 0ad1
63f371d1 fb89
8cc96f6b 0206
231575f7 ee83
1c473a86 ec72
c10cbfb9 0b04
d13e993f 0e75
e2e5188e 134f
ac232568 0725
13968aa2 e927
26725e8a ef69
6e82c620 fd44
dc7919b7 1158
2dfb7fd2 f14e
14c4fc9e e9af
e5ad17d3 143b
4f0b2f7f f806
59b06329 f9d7
8e7b48fd 0242
263b8156 ef58
df4740ad 1238
c22790de 0b37
f31d3999 1a46
f059ed07 18bd
5d09666d fa6d
c224830b 0b37
e63ef463 1468
f79f3450 1d7a
fce80fd3 2402
9d1d7ddd 04a0
04cc9387 ded1
dd594259 11a1
111cdfc3 e803
d0863217 0e57
b48ddd2e 08a6
70b4f4bc fd95
18c607c3 eb3c
baf5707c 09ce
86b441a4 010a
b4e33d52 08b1
023aabb0 d9ac
6eb0daef fd44
792968de feec
aef27634 079f
c2193c7c 0b37
f6c767e2 1cdc
6782f749 fc25
5b3a5a64 fa17
b88f5251 0962
d04835c0 0e48
7c7f5ad4 ff6f
1a914712 ebdb
a307bb3d 059e
4ba81e87 f766
cca78ffa 0d6d
6d877beb fd1b
aa147479 06cc
ac96b107 073b
05447dfa df76
88837ea6 015a
4c7ca449 f788
2803482c efdf
7d7620fd ff97
a0f26bb4 053e
8628e08a 00f6
df688862 1238
e2d87675 134f
2bc01890 f0d2
4b55cbbf f75a
1443c87b e97a
171831bc ea95
d0c04505 0e66
d6c16b4a 0fde
6c2a07a2 fcde
3adcea80 f42d
aa90989b 06e2
a782b075 065f
51ab5c0e f877
ac007c71 0725
68d91eff fc58
7f23fc0b ffdd
6e995b73 fd44
016d2dcc d72f
0ef61772 e6de
075ba966 e19f
a1cac037 0569
5374f5c9 f8c5
2b6a98ee f0b3
246b27b0 eedd
ca79e92b 0cef
5560ebdb f91e
8bf36b43 01dd
693f8dfe fc63
8d2f1aeb 0210
af121cb9 07ab
5402b1bc f8e6
90fb564a 02a8
298960dc f042
4d60df4f f7b6
0850c13d e286
133ab38b e8ef
9f96d4d4 0509
3c89828e f489
368f2a31 f349
4f4c8447 f812
b2370e13 0833
880c26ff 0146
8d4430ef 021a
1771326e eaad
919b460d 02c6
c2cee0fc 0b5d
5c17592e fa42
11ce4232 e85e
95731a1c 0360
80ededb3 0023
4434184e f602
d1258710 0e75
ed51c1c3 174a
da4fbd39 10cb
e11f9485 12c0
d9a64e83 1097
c636fab0 0c08
42650217 f5ac
88afb335 015a
a7174237 064a
72f51d98 fdf0
9e8639d1 04df
61a8e68c fb2b
8169f927 0037
f8bafc6f 1e61
61ff5d97 fb36
0da16f3a e62c
c6558848 0c15
fb16e89b 212f
9814eb2c 03d1
18b94583 eb25
c8c006aa 0c9c
0c0ce4ca e544
aa74fc15 06d7
c23785f8 0b37
fac2f141 20db
f6472206 1c78
412e8a4e f56e
a5442613 05fe
854c7f54 00d8
17dcd37f eadd
a3e7755b 05be
8fcce0ff 027f
8995a77a 0183
d0443820 0e48
5fcbd591 fae2
f77c4ce6 1d44
0f00a89e e700
7e9aa0ea ffc9
d4699952 0f3e
66b467ef fbfc
da60b45f 10cb
93cc7c59 0322
45d5018a f656
97d71f25 03c6
220df397 ee3a
67976034 fc25
f9bcd58f 1f63
4008740a f53c
4f2ecc2e f806
d383bb9e 0f0f
50105978 f834
0e009df8 e674
50bad9e7 f84a
8230a214 0055
960ee72c 037e
f932bd47 1ede
d7977aca 1010
cd06600a 0d8a
d1032874 0e75
4091b654 f555
e0c6962c 12ad
e7f80cc0 150b
cf1717b5 0dfe
47088e49 f692
49a885a2 f709
9305aac3 0304
a1963594 055e
ae48b4a8 0789
82edd006 0073
f548cce4 1bbc
ed4f24f5 174a
3760f573 f372
e50794ab 140f
cb99677c 0d35
bd283355 0a3c
1a8e4c0a ebdb
1df0bb84 ecef
9a4230aa 042e
eef512a7 17fd
f3edc29e 1abc
0bf76bd7 e51b
170f68eb ea95
14ba1bfe e994
c73b1d53 0c3d
641bdc40 fb94
22e2f694 ee71
61b72433 fb2b
8c76a2d4 01f2
8d2f749f 0210
aa14f436 06cc
df72d98c 1238
e26eb4d9 1325
c9aae4b2 0cc5
069f7192 e0e1
5dbbe698 fa82
fee4ef91 29ec
3280278c f268
6ab2dd58 fca0
31fb6e58 f23c
13528c0e e90b
3bdc1eb0 f462
c86fae04 0c81
d97b21fb 1086
3b67a014 f448
9cd28da7 0496
7cfc4b2e ff83
4c45bec6 f788
07991aa2 e1db
2dc677b7 f14e
3ac1c5f2 f42d
64a35bc8 fba9
25bdf6f7 ef35
9d89d208 04b5
80580386 000f
ab1512c4 06f8
4e4994a4 f7e4
067a65af e09d
bb8e4976 09f2
8f4ee1e1 026b
6b168a42 fcb5
34f91bb1 f2e8
bae8d049 09ce
e8971886 1553
cd2afd72 0d8a
958d1ee9 036a
cc2030eb 0d51
c5d9015b 0bfa
975a208a 03b2
e5ef38e3 1452
4d520b99 f7b6
be6688f5 0a79
72e70883 fdf0
b80fe717 094a
0735676b e162
6f7e8180 fd62
bf8d4737 0ab8
803daae2 0005
694ae077 fc6d
f001d038 189c
c4b2d150 0bb8
bf910d04 0ab8
19465e2c eb6a
d817b4ef 1031
929763e7 02ef
e7e25541 150b
ba9d5963 09c2
461e532b f662
8c6cba7d 01f2
c2d34dbb 0b5d
040b7ad7 ddbc
573deedf f96a
6237c906 fb40
90ddd238 02a8
9381ee69 0318
8f61cbe0 026b
19a4eb1c eb81
7e7346a5 ffbf
a7656eb2 0654
4c15451f f77d
1430235d e95e
87688416 0128
819cedb1 0041
4d004f6b f7ab
ba3b5778 09aa
b14cf352 0810
597a3852 f9cc
bd734c0c 0a48
45521afa f63e
616bf36e fb21
341694e2 f2bd
82c4c639 0073
2069fd52 edb5
59ea228a f9e2
27fcfebe efcf
52d0c92c f8af
16acadbf ea63
d1e9ab5a 0ea3
bf9d7533 0ab8
ff46a8e2 2d09
c0a572f3 0aea
6c990cae fcf2
731a1b33 fdfa
74780d60 fe2d
0bf89f59 e51b
fca6b47d 2388
19d6baca eb98
ea69e8e8 1602
69495d53 fc6d
017eb3b5 d72f
767a56c9 fe7d
072fb64a e162
fe1f531c 270e
3110c2c0 f211
41b57406 f587
f173c84e 1945
1286fd15 e8b6
9bd12726 046c
9729eae0 03a8
27734139 efad
62b3bf0c fb55
0ec5bc0d e6de
e4dfe15d 13f9
7d5155ae ff97
37f8d5c7 f38d
eadb0c1e 1637
d69aa5a4 0fce
41e571ab f593
4318201a f5d1
b7a2650d 0932
8935202c 016e
47c766ef f6b6
1e8a33ed ed2c
5c0924ee fa42
17dc45f4 eadd
4982d59e f709
13e3f8f1 e943
36dcfbf6 f356
77068aaa fe9c
6ce47cf1 fcfc
eb459538 166c
b6d2a841 090f
ac0222b7 0725
af08202b 07ab
f0cfa076 1900
5bc0d2d7 fa38
4c9623d8 f794
7791704d feb0
05050d80 df25
73530b94 fe04
0a0bc89d e3e8
77871b50 feb0
3a069683 f406
2b07e619 f0a3
a2f0a19e 0593
f87780d3 1e25
a10a4e6e 0549
50145ee9 f834
c181d4a7 0b1d
a392f7e5 05b3
25d0f4fb ef47
f8de3605 1e9e
ec76b024 16d9
e6261bb6 1468
c347f764 0b77
dc3ce8c4 1146
d2b3da51 0ed1
5c34a63b fa42
41c3a565 f593
3d09547c f4a3
fac7f4ab 20db
4fa3a395 f81d
70064adb fd81
d21f7837 0eb2
3b0669f0 f43b
68ed69db fc58
fa244a43 1ff1
4efe557d f7fb
965d84ec 0389
bb0ba733 09da
37ead4ca f38d
8a79474d 01a1
4994f6c2 f709
68323050 fc3a
6442629a fb9e
23081043 ee83
239b8a09 eea8
3770f037 f372
77651095 fea6
2fd0ed26 f1c7
ed782be2 174a
d672ddb5 0fbe
8d857b9b 0224
4357c8d7 f5dd
5218ddcc f88d
ab1e32be 06f8
cea76b63 0de1
32ff0c3e f276
d38ccc86 0f0f
2d0c98eb f120
6f45452e fd62
4ba94a8c f766
79c1154c ff0a
bb836bcb 09f2
26fda0c8 ef8b
39116f46 f3d0
bf5f4508 0aab
ced7f689 0def
a596951a 0609
897ba25a 0179
3c7db304 f47c
3a225ba3 f406
1a22102d ebae
ed976478 1767
5ed3eaba fab7
8b510a73 01c9
4cca531a f7a0
fb18fbeb 212f
ec44589f 16d9
739882df fe0e
fd54d3f1 2512
93e19de6 0322
28bd48cc f001
6f08a66a fd58
b8adae03 0962
f97e5cb3 1f1f
220aa814 ee3a
b909e94e 097a
b18af9cd 081c
6072f846 faf7
e28e77a5 133a
a3eec5a2 05be
05bf7365 dfc4
41eda0df f593
30fdf37c f202
75923946 fe5f
473d57b0 f692
7924a18a feec
847e96b7 00b0
d67ccb33 0fbe
94eb6679 034b
13a1b713 e927
8bc34558 01dd
e1c1315d 12fd
e8361e5b 1523
1c1f7ae8 ec5d
67287873 fc10
fcde4b99 2402
404dc585 f548
8a1df648 0197
6da5b619 fd1b
3fd85a08 f52f
22648dc1 ee4c
c9366208 0caa
e6a0fb76 1496
be9fbb35 0a86
f36381b7 1a6d
133dd47c e8ef
23e60e24 eeba
2845301c eff0
728adb94 fde6
147f604f e97a
1827478b eaf5
fc0a17e1 22aa
67b44aa2 fc25
922a0694 02db
97f3ec05 03c6
5d947487 fa82
203c472d eda2
0c4ad828 e56c
9199e9eb 02c6
f2a801f1 19fa
051d7e4f df25
40b535de f555
fc61dad2 2316
32935505 f268
356521dc f303
914f034b 02bc
9230f32c 02db
cd2dd078 0d8a
5c868bc3 fa58
3e87a9b7 f4f0
7287e3ee fde6
e0d388a4 12ad
fee17a3a 29ec
0f9347aa e743
cead2010 0de1
53b19810 f8d0
679c4630 fc25
b204ce9e 0833
a0affc14 0534
da73d8f3 10cb
a7a95250 065f
2e924f03 f17c
359af3fc f311
731595d0 fdfa
92f63bb0 02f9
f7d5b8b5 1db2
a6e869cd 063f
66c94cb2 fc06
dfbf6fea 124b
74fcd52c fe41
d948218f 1086
f2e581a0 1a1f
d03a6fdb 0e39
3933effa f3d0
9a7615c7 042e
d9d3ae7e 10a8
3b05c414 f43b
0728bd0f e162
e21f450e 1311
627022c9 fb4b
6fa9e30e fd6c
f6dd2306 1cdc
37fe9507 f38d
0dcdac1e e650
9d253d1d 04a0
91d696e0 02d1
a05d8542 0529
07d381b8 e216
df19d3d8 1224
cd2d0dca 0d8a
0d9d103d e62c
bd99de11 0a54
138f1b95 e927
01fd7518 d8f2
76653fd2 fe7d
857d2dca 00d8
2dc43ac9 f14e
df0196a3 1224
545466f7 f8f1
4932d3d7 f6f1
a3ef5af5 05be
281c833f efdf
5a9dbda5 fa02
7a81d6c3 ff28
80eb09c0 0023
0f3d77fa e700
415043c8 f57a
bbb56ce1 09f2
5e136957 fa97
a9cb5d84 06c1
bcaabb77 0a23
1109de41 e803
40cf5ad6 f561
f3bb2c07 1a94
53d3e2f8 f8db
1460e132 e97a
95409399 0360
a5c3556a 0614
317804b2 f21f
1004d601 e784
615e8222 fb21
701e0150 fd81
b7ae7d31 0932
04aec7b1 de79
2b7f8de3 f0b3
f7725de9 1d44
2f1f7965 f19a
bdf2207c 0a61
58a26ec8 f9ac
698dd437 fc77
534e7187 f8c5
2bd9ac32 f0d2
3856cb4a f3a8
4a32b2f5 f720
6050103b faf7
5989ebe2 f9d7
736492e0 fe04
8d04cfca 0210
cd5c60b0 0d98
eb901954 1686
91bf502c 02c6
b1081020 0805
8a4637c4 01a1
ce8480a4 0de1
082a2352 e24e
5a111bd2 f9ec
d0877f21 0e57
d5f9e453 0f9d
29ded4cf f052
a3021233 059e
1c98a6e0 ec87
da4369b7 10cb
fc5a5354 2316
ac003898 0725
06770b73 e09d
235a91cd ee95
fa88faad 208a
2d19d0fa f120
25ff5623 ef47
319b449f f22e
91d1ea61 02d1
ecce9fe1 1711
2c6e625e f0f1
9e69ff25 04d5
093c8a2e e324
272c9f23 ef9c
69fbaeb8 fc82
643ef135 fb94
eff31230 187c
ef314b47 181c
48fdb970 f6e5
1242f653 e899
8dbf7cab 0224
48cbec67 f6e5
2fcb607b f1c7
b3ea5fa7 0883
8e22f739 0238
e4d65383 13f9
64b587e1 fba9
d25e1bd0 0ec1
89414aa5 0179
29b28a05 f042
d24dfd9d 0ec1
8a1d8521 0197
c7ae9fea 0c58
0dc83573 e650
d892af97 1053
d18721f8 0e93
d21a8117 0eb2
dc74ad9e 1158
81817214 0041
44cac36e f626
c094ca17 0aea
f7cd8c65 1db2
093ccc3a e324
bb79e4b4 09e6
23c20d72 eeba
3c8d79ae f489
faafae9c 208a
7297ca0b fde6
08ad81b0 e2bc
831ea531 007d
210eb568 edef
04ebadfc ded1
e8a88e5e 1553
2313b7f7 ee83
539b7677 f8d0
ff904478 2f9a
1d6ab8df ecc6
db3ce600 10ff
0f5952b4 e722
6aabb725 fca0
c45df85d 0bab
7239785f fdd2
1de5f436 ecef
0fbf6782 e743
094e0fdd e357
22da3614 ee71
7068a833 fd8b
4d791868 f7b6
7c13b6ba ff65
16315dd0 ea31
87b35716 0132
944a5113 0337
43a8a31f f5e9
020773dc d9ac
f24bcb8a 19d4
af483625 07b6
588bfdda f9ac
a4e1726b 05e9
2bc76166 f0d2
2a697eb2 f073
2cd0a022 f111
adc129e2 0773
45a96134 f64a
b8f6c55f 096e
7242274f fddc
bee460d7 0a92
f3e7d127 1abc
30a53e32 f1f3
3b5e75f4 f448
01f60bd5 d8f2
eb151880 1651
a6d636f1 063f
5e680c16 faa2
23ec96b4 eeba
48843d96 f6d9
2c39503d f0e2
2200dbc3 ee3a
1db20fd3 ecdb
f4e5e8dd 1b64
5101bb83 f861
db93b0c2 1123
f4c1eb36 1b64
8faae3cb 0275
0eb63796 e6bb
9f8ab917 0509
47d4b22e f6b6
17cfa01e eadd
8793585f 0132
cbe74f54 0d43
3d0b7fde f4a3
352a9cf5 f2f6
d1c0fd32 0ea3
d92f56b1 1075
23998d2d eea8
30a816dd f1f3
49c1d44b f714
e567b4d4 1425
2374b254 ee95
cdd4e684 0db5
b0b3e4a8 07ee
d0cd6f5f 0e66
7e806dad ffc9
9e41a128 04d5
14d72446 e9af
0099edc4 d2f7
f74ed1a1 1d44
ed9421c3 1767
6d8108db fd1b
5ad91316 fa0d
54c227c0 f908
45595f96 f63e
0c09288d e544
75d42861 fe69
dd33e0c6 118f
adf06106 0773
811eae82 002d
d1ac6b03 0e93
ad05a065 0751
de551025 11ec
3d89672f f4bc
7fbcb998 fff1
5f60da16 facc
b2d6b6c2 0855
863acb6c 00f6
ad33f8a6 0751
0b833121 e4f1
2818efe0 efdf
329a77d3 f268
ce20ba38 0dc4
5bdb81ec fa38
23b031a1 eea8
38704d72 f3a8
e075a75a 1285
f93832d4 1ede
3add59ee f42d
24adf08e eeef
42a8edc2 f5b8
0e092c90 e674
0bdf6e26 e51b
e782e235 14f3
f4256ff4 1ae5
2c6a9a42 f0f1
97ca9cee 03c6
44d9adba f626
db1b9f45 10ff
5c1dc8b0 fa42
b63482c1 08ec
1470d02a e97a
4e8f02fe f7f0
24da9f6c ef01
9eb1a48d 04df
82445588 005f
cf48cefd 0e0d
535ea186 f8c5
3c1c15e4 f46f
91e8f5fe 02d1
f4f90f03 1b64
319875f8 f22e
826b5dbd 005f
3316fa41 f284
067b713f e09d
6604d89a fbe7
8a5b53dc 01a1
a7bcd7b7 065f
3c765fb6 f47c
27f458f2 efcf
fded14ab 2654
f501b272 1b90
f400c29f 1ae5
e89cc54a 1553
3f7d5b3e f516
a6b35e72 0634
ca26ca9e 0ce1
42e6d438 f5c4
067488b1 e09d
ee4eefcd 17c0
07c3bf11 e216
7d6edb49 ff97
a91d445a 06a1
782f0d82 fec4
f01aad55 189c
4465d5dc f60e
1e3c9842 ed03
c3dd4011 0b91
c7fda745 0c65
0860fc28 e286
dee79f32 1211
d9149218 1075
6669dc61 fbf1
92813c3d 02ef
3d2c1ba4 f4a3
a2f07d80 0593
93a1e0fd 0318
c89f7c0e 0c8e
5b5fa810 fa22
392cd830 f3d0
b87689d3 0956
f2e9a184 1a1f
ceba1ba8 0de1
c78b8d84 0c58
19de4021 eb98
06e3e866 e122
0df5b41b e650
51ff832e f882
0ed747e1 e6de
3c945e76 f489
da5bcffe 10cb
0e0c9a72 e674
d8d4c275 1064
bb935715 09f2
1b732bd0 ec1d
7e11b3e4 ffb5
f4fb34ae 1b64
ebabd1f7 1686
e23b8dfa 1311
4e376771 f7d9
0a9c3076 e444
9c91ebe0 048b
722746f6 fdd2
dd38e75e 118f
80652ebf 000f
30703b60 f1e4
e6244d58 1468
782fd6e1 fec4
ec772821 16d9
99b6c09f 040f
62300b05 fb40
40b99c2f f555
677d8612 fc1b
e21c1d9a 1311
05c0e389 e00f
1c53df2b ec72
c38dd6ee 0b84
fcc4daea 2402
da0f77aa 10b9
95b543eb 036a
5007b2a9 f834
8d1e098e 0210
bbcdefb1 09fe
526b54bd f899
b572c83b 08c9
f2520883 19d4
cea4a36a 0de1
4aad17ae f737
40dade5f f561
292e6906 f022
350cb9cb f2f6
c2e1f757 0b5d
b9515283 0986
835e5959 0087
1aedbe5e ebf1
f4612561 1b0f
cbac7564 0d35
7c5944f0 ff6f
195f2c88 eb6a
7f0ee1c1 ffdd
a7d475a7 066a
8f1b942e 0261
03fc9264 dd56
e53444dd 140f
78035ef1 fec4
7c13b390 ff65
a6d88694 063f
5eb35884 faad
87a34e1e 0132
fde227fc 2654
c9ca78d1 0cd3
aedc7b48 079f
50375689 f834
ad96f7ac 0767
21fefee1 ee27
0624fc43 e057
76c59d6d fe92
2f980b07 f1b8
369721e2 f349
abda8815 071a
f5fc5610 1c18
8f983e33 0275
3077f2b7 f1e4
3dfd6a1b f4c9
4270caa8 f5ac
1291debb e8b6
04d09262 ded1
27bb72a5 efbe
025171da da55
cb7fec0b 0d27
7f17ca21 ffdd
8e312ad6 0238
365bb631 f33b
ac850595 073b
9e5c55d0 04d5
e2c3244d 134f
87cb928d 013c
4f6d336e f812
7a83ddaf ff28
f6f7b148 1cdc
ecbfc0ad 16f5
f828e11b 1dea
3ce29801 f496
e281daaf 133a
ac159695 0725
ccd7fec6 0d7c
b06001a0 07e3
911d9378 02b2
a1fef8ba 0569
aeed745b 079f
606f93aa faf7
eafbec68 1637
2be0455b f0d2
d4732b4a 0f3e
a32dbc58 059e
288c886b f001
0a297fe9 e3e8
de8f7ee4 11ff
13e49f1a e943
3886f136 f3b6
9b564712 0457
2bf2ded9 f0d2
09ae4f0a e388
674815c8 fc1b
0baa038b e4f1
6b7491df fcbf
2966b010 f032
035dd93f dc78
9db62401 04b5
e1803e3c 12e8
a9fb1f1d 06c1
ec49d537 16d9
a617f99c 061e
dce84c2c 117d
f2fc6f9a 1a1f
8e032f6b 0238
3f385057 f509
10206ce0 e784
9a450971 042e
0cac9d0e e593
54aa767e f8fd
1189ad92 e840
be7cd704 0a79
2648b0cf ef69
cb82249b 0d35
13eb89ce e943
474b3da4 f69e
a0fafaf5 053e
62990202 fb55
2a7d78e2 f073
f1aec85f 1968
7087710e fd95
044daf2f de1d
dfba318f 124b
28e8c547 f011
9a0ba77e 0423
d79ee7a3 1010
af229694 07ab
136b7622 e90b
64f81ad5 fbb3
385f3316 f3a8
7438a252 fe23
2e509d86 f16d
ae507c54 0789
acc6f5a2 0746
8bc9350e 01dd
1ff649d8 ed8e
906ae8b4 0294
035c3afd dc78
470ccf6f f692
990e59bd 03fa
e31e2b3c 1364
0f78ab7a e722
55237179 f913
8ca51f34 01fc
26e66731 ef8b
d62c778d 0fae
03c17aa4 dd56
57499816 f975
da1aec1e 10b9
edc914c0 1785
d4ef134d 0f5d
f7718c77 1d44
fcb7b0d7 2388
3fc276a0 f52f
d9599185 1086
0f577831 e722
0a8c1f77 e444
11db7830 e85e
d653e129 0fbe
ab2b2473 06f8
28c6cd84 f011
1f2773b7 ed53
785e4211 fece
5406b7d9 f8e6
a9374a85 06a1
c87987c0 0c81
79206cfc feec
59c4aeba f9e2
141995c1 e95e
d13083a0 0e75
c26bdb63 0b44
dd23a528 118f
cc96a727 0d6d
3d968b8e f4bc
f54d1752 1bbc
d3590ff6 0eff
76a8065d fe87
f2dbd75d 1a1f
8b1c6917 01bf
e58d43c9 143b
923ff964 02db
4675fda0 f66e
078219e5 e1db
23315f7d ee83
2c6373ed f0f1
81a662d6 0041
f0201eaf 189c
a31605ad 059e
9e57e657 04d5
10f7273f e7e4
14fb3a8a e9af
4d5adb54 f7b6
9c5c97e3 0481
0d880487 e62c
60e56816 fb0c
bdd0f445 0a61
ac892166 073b
bd2aeaad 0a3c
44035f45 f602
907b701d 0294
7f741490 ffe7
0f016070 e700
93fc5921 0322
5fcabad3 fae2
97a846f4 03bc
5f15fbfb fac2
11f64660 e85e
c38a8a8e 0b84
4d2d4f00 f7ab
47198e9c f692
933dc85e 0304
a559a0d5 05fe
4dbab52e f7c2
4ed2f924 f7fb
8dc15531 022e
1676ec6d ea4a
269dac50 ef7a
ea0975ef 15e9
e1cb6b28 12fd
dc80de1f 116b
9dae2d1a 04b5
d1598a47 0e84
3345718f f293
bb553507 09e6
defa1ed3 1211
c5bf9d82 0bed
0f9d7d9c e743
ff480dec 2d09
40f6efae f561
98d79cf3 03f0
07369d55 e162
6b4b00c9 fcbf
c83291c8 0c73
b4f51b49 08b1
9f7d5394 04ff
41af0e8e f587
5e70a36f faa2
0733ec9f e162
0c70ad4c e56c
80edac60 0023
9ee7ccfe 04ea
40f8399f f561
d5408605 0f7d
e375dd8a 1379
0c5cbb35 e56c
09949699 e388
a716dd82 064a
b65f38e6 08f7
472ffeaa f692
15a05bb5 e9fe
81865d05 0041
d5d5379d 0f9d
353efbb6 f2f6
6d09ef69 fd07
fcdd6b24 2402
bd13a155 0a3c
5a0ac7ca f9ec
af5de1f5 07b6
6e423771 fd3a
a9b93868 06b7
c766a5bb 0c4a
b7459a1d 0927
fa0ea632 1ff1
b8521263 0956
b1a67fac 081c
a7771072 0654
df2658ed 1224
409c4285 f555
cfe114c5 0e2a
5244f9bb f899
8552dd45 00d8
53ef7204 f8db
1594d966 e9fe
22255633 ee3a
6d8c691e fd1b
f1d9642a 198c
655e1b81 fbc8
f83dd7b4 1dea
0d430d62 e606
c66f2655 0c15
d873db75 1042
76c6334e fe92
7364bd60 fe04
620ab486 fb40
c02c5c57 0ad1
5e4a9b78 faa2
09bb58f2 e388
20b2d720 edc8
0c3c3f5b e544
6fcf3eb5 fd77
44e61d15 f626
09805652 e388
b4e5d30c 08b1
89f85953 018d
89ca48fb 018d
56d48210 f95f
64e96972 fbb3
2a63483f f073
356ba5d7 f303
efb11702 185b
7432f4b5 fe23
167701fc ea4a
177cd5bc eaad
7dc4fc35 ffab
6583fb03 fbd2
d6232448 0fae
9c8d57ae 048b
c78cfb38 0c58
5047dcc5 f83f
a275e2d4 057e
29e5a3bc f052
eb728ef0 166c
4992df06 f709
659664cf fbd2
8e9aca91 024d
1aba0520 ebdb
cfa9476f 0e1c
0a1a2959 e3e8
e0e911b7 12ad
c780bbc6 0c58
0cae1da6 e593
2094d215 edc8
fc45c594 2316
71c213a9 fdc8
56bc4b58 f954
8a5c53b3 01a1
854b6aa9 00d8
5b0dd4fe fa17
c2e5e785 0b5d
0548dec3 df76
ed500981 174a
7fa41b65 fff1
bbd1e9d7 09fe
20211364 eda2
367a1eab f33b
c640a653 0c15
aa69db41 06d7
6ec87854 fd4e
06817d32 e0e1
d3b6b0d0 0f0f
8213278e 0055
9f156f66 04f4
d09e67ba 0e57
2a2bfd42 f063
dda21005 11b4
e6140833 1468
b86cf9dd 0956
452730b2 f632
f6351acf 1c48
f205a815 19b0
4731b015 f692
bd97ba04 0a54
dc476cc0 1158
1094f0f4 e7c4
4c6810e4 f788
2a453cf7 f073
5719cacc f96a
1802e84c eaf5
b0d5d832 07fa
df59527d 1238
a3bf187b 05b3
a41e9e1d 05c8
2b1a5d90 f0a3
9688495c 0393
a55ef95b 05fe
554c584b f91e
acc4b2e7 0746
c95db6ad 0cb7
bf7c3da3 0aab
4b11f3c6 f74f
60c46707 fb0c
9c72d629 0481
c5d37e05 0bfa
8a0aa0d7 0197
c56728aa 0be0
5ec9cc69 fab7
6e9bfda5 fd44
31515fa8 f21f
71ef8e58 fdc8
b33d4f46 0860
71ad419d fdbe
40ade306 f555
d5a2295f 0f8d
34e7f926 f2e8
59c7ab00 f9e2
6c98131b fcf2
09abddfb e388
82af8d12 0069
9def41dd 04c0
a7786bb0 0654
69f2b4d0 fc82
45eb2dbd f656
cbe6cd68 0d43
6f4f3d5a fd62
77680459 fea6
2362c4e8 ee95
e666fc6c 147f
12dfa99f e8d3
8f6c7d9e 026b
6b562b16 fcbf
18bac303 eb25
9c2e8332 0477
69417885 fc6d
c9bebd72 0cc5
41f1003e f593
fcc54322 2402
703dff81 fd81
01036e7c d614
cc3be0a7 0d51
9f842e9c 0509
bec43499 0a92
85b1f323 00e2
bdfccfea 0a61
bb81e61f 09f2
4f3f7028 f806
9805e53d 03d1
1283796d e8b6
694e3889 fc6d
db9e7cf6 1123
d38fbbef 0f0f
267a97f3 ef69
21afb33c ee14
bb4172c1 09e6
7854a47d fece
4ecd3e95 f7fb
0174ef43 d72f
976c7013 03b2
8b81e826 01d3
7cbaba78 ff79
a542c3db 05fe
76924ad6 fe87
dcaf08d0 116b
6074aad0 faf7
840dea0d 00a5
fcdbb5eb 2402
99ce552a 0419
9bb1378d 0462
34fe1368 f2e8
0635d1ea e057
e5eb1ca8 1452
aa17dfa9 06cc
9f4ccc0b 04ff
879e1c7c 0132
d6b8e6e3 0fce
84673f7f 00b0
7756e74b fea6
3cd569bf f496
212a4063 edef
d9a728c8 1097
1fc72209 ed8e
0f0db5b2 e700
63cb3038 fb89
3763a5bb f372
be43bd21 0a79
96230cce 037e
7f91c897 fff1
61e6521e fb36
aca62c79 073b
85c3f8ab 00ec
f186d4cf 1968
476c8854 f69e
a6a467b6 0634
3fa1eca5 f522
52d16513 f8af
59735365 f9cc
faa965a6 208a
67dd116e fc2f
46ff9af0 f686
4a792137 f72c
e24299d3 1325
eecc17a1 17fd
faca1528 20db
e19ad0ed 12e8
a1e6d346 0569
edf326a3 1785
6b71eaac fcbf
45a43410 f64a
d8c5de4e 1064
900faba6 0289
f011507a 189c
436ea95f f5dd
d049fca3 0e48
792e2e5d feec
f4ecbbd7 1b64
db89d81e 1123
69369d57 fc63
fdeeb0a6 2654
bf8324e1 0ab8
979c9f65 03bc
9f481e0f 04ff
1688cd34 ea63
b2480f56 083e
98ffd296 03f0
4ccfc168 f7a0
0b93397e e4f1
14d1d8bc e9af
30def79f f202
dc17cd92 1146
012fd41e d614
c66d2727 0c15
d3fdfe8e 0f1e
49fb0a87 f714
8a908ad2 01ab
dab7fc16 10dc
e9924f6c 15b6
ce657007 0dd2
4299c83a f5b8
24b2a582 eeef
8a608c0a 01a1
b7878dc0 0932
5708a957 f96a
61035f75 fb16
db2925a2 10ff
4c91571c f794
a0f09d1f 053e
d2093947 0eb2
e503227e 140f
71e05596 fdc8
e5a8de61 143b
77fee840 feba
fe3e076f 270e
b21f1637 0833
33769196 f293
b2d76ff5 0855
cbe77a77 0d43
a03752ea 051e
26505a49 ef69
d324af92 0eef
cb63be3f 0d27
b5dcacee 08e0
a1b6c62f 055e
8b6d4a58 01c9
cc272682 0d51
599cdf74 f9d7
5e48b2d3 faa2
077dee16 e19f
73fd80f2 fe19
0b73e0af e4c7
dd9e6714 11b4
a81885a6 0675
53c221ff f8db
950579b0 0355
9f231701 04f4
2ec89121 f18b
d3999c21 0f0f
4e03bf87 f7d9
ba9e071f 09c2
5f496d1b facc
03d19fb1 dd56
2b9f0890 f0c2
87a3831b 0132
46a73e46 f67a
a324baea 059e
1a070755 ebae
be003686 0a6d
5e98a1d0 faad
1d45465f ecc6
beb1fbe2 0a86
63cebdc3 fb89
d944ccd2 1086
93aa887d 0318
c9c24763 0cd3
e2e80990 134f
565a613e f949
cd59b164 0d98
f0855d95 18de
991d9417 03fa
04284d4c ddbc
ae14fd89 077e
a2aa6eb0 0588
ec0993df 16bd
8a3e5edc 0197
e0b1ab62 1299
bf967d5d 0ab8
98f382fd 03f0
9133d9b2 02b2
329fa57c f268
94c507e3 034b
b1eaa701 0827
39a2fd90 f3eb
d52970bb 0f6d
8359ec49 0087
6dfda30c fd25
2e3759e1 f15d
b95a4096 0986
ac9c63f4 073b
c08419a3 0aea
fa81a2c0 208a
1abb91ba ebdb
95609b5f 0360
210e1bf8 edef
59c97bb3 f9e2
a6d40ee8 063f
6b165713 fcb5
f7df5171 1db2
ad7f405c 075c
46fa38b9 f686
6823adb1 fc3a
81577818 0037
07115972 e162
e5eefce9 1452
eb7ef147 166c
959678ce 036a
881d0034 0146
2b9c5a98 f0c2
1cbc7203 ec87
731ad0d1 fdfa
95ae37d4 036a
38ea3455 f3c3
c63247c9 0c08
59dc3e40 f9e2
982ed6a8 03d1
39f57d0d f3f8
8aff3bb4 01b5
16cf5de9 ea7c
7cd0d45f ff83
2b77d0ce f0b3
b3c8eee7 0883
7d0d0406 ff8d
c04440ca 0ade
1ddbdff6 ecef
ef41c020 183c
91b94542 02c6
901dce91 0289
de218f30 11d9
f6ca68bd 1cdc
1bacff41 ec32
3e022251 f4d6
a441c39a 05d3
de2a7b50 11d9
1d75894f ecc6
14c7a896 e9af
8e5661ae 0242
47a25aaf f6aa
a76427a3 0654
8c47a478 01f2
f36c44d6 1a6d
8ef0e191 0257
763a5ada fe73
5705d779 f96a
435c330f f5dd
88c2c246 0164
a0046f50 051e
50b5cd33 f84a
34cc260f f2e8
01d64cc3 d8f2
5684c66d f954
dc494ac3 1158
d70fbc7d 0fef
0c72bc27 e56c
b4cdaf38 08b1
29b1128f f042
6f49c0d9 fd62
131d8c27 e8ef
e31c2716 1364
a7c91706 066a
b27aeea6 083e
522f5d57 f88d
b1d4c9b9 0827
240663b5 eecb
4c6ccdac f788
22d1eacc ee71
eb2d4f08 1651
035c05eb dc78
4cac9678 f794
83ca811a 009b
119d20d0 e840
09e1873d e3b8
fb7ad0a7 2187
1ce0ded8 ec9c
12c67297 e8d3
d2ede844 0ee0
98f9867f 03f0
dfab2562 124b
c299918f 0b50
d9bbbabb 1097
c2dd060b 0b5d
de34b831 11d9
b43702cf 088f
b2c09a7b 0855
85489035 00d8
7530b636 fe4b
ee4d4d20 17c0
0c1e93d6 e544
75bdaeea fe5f
b6c7b6c3 090f
7e4d37fb ffbf
97e006f6 03c6
c8620256 0c81
52d0286b f8af
25e005d3 ef47
016d79b8 d72f
ba49229d 09b6
e3564c8b 1379
22a87492 ee5f
ca7d0a27 0cef
57bec26a f980
5f093346 fac2
058e8a69 dfc4
fdb5f0da 25ab
a793ae73 065f
1e279190 ed03
67d2cfe6 fc2f
51c74e9d f882
75206549 fe4b
3896dcac f3b6
3950b372 f3de
4486d2a0 f61a
1e5493fb ed18
c6748447 0c15
9f0a440e 04f4
a2433acb 057e
c898d1cd 0c8e
f5c4ce0e 1c18
07e9be2b e216
e2dfd155 134f
0cf72e8b e5ba
6e134c54 fd2f
15408dab e9e4
fd888347 25ab
a920fdd6 06a1
11e3819a e85e
ba460b55 09b6
a701dac1 064a
3a440b71 f413
f57ef0cb 1bbc
fad3f17f 20db
1033d8c4 e784
be8f7f03 0a86
9bd9b124 046c
ee75f47b 17c0
0fbca460 e743
898f748a 0183
5178fd05 f86c
d3ebeb48 0f1e
38b53f29 f3b6
92324af2 02db
822339c6 0055
181ac64e eaf5
a15a1835 0553
a916cfa9 06a1
75de17e2 fe69
291390d2 f022
4f950551 f81d
229b5a38 ee5f
35a48210 f311
e1442f91 12d4
f219c1b7 19b0
54850bf3 f8fd
4371f4cf f5dd
c6e77119 0c30
68cc841e fc58
e9ab6bf8 15b6
2e15d590 f15d
53b490b3 f8d0
9c95e253 048b
4af7c25c f743
c2dbbf05 0b5d
66416aae fbf1
341c108d f2bd
6ea152d3 fd44
03e63228 dd56
9285f9af 02ef
a64cde44 0629
7cef7432 ff83
3a10daf8 f406
91259fe4 02b2
ecf145a9 1711
3e8821d6 f4f0
05a7ca6c dfc4
074bcc23 e19f
57c53f2c f98b
0572069d df76
b8709705 0956
d845f8e0 1042
f56e21fe 1bbc
98d53089 03f0
038e2dda dcea
ef6888ba 183c
76fcf3e2 fe92
16e6e70f ea7c
7699a112 fe87
6bb06e65 fcc9
0457cde8 de1d
217093c7 ee01
1de617ce ecef
0f48de47 e722
f88ac79f 1e61
09662c7a e357
8981185e 0183
36a1b234 f349
6a80222a fca0
7a6dc2ba ff1e
b66f59cd 08f7
b77e5551 0927
0ebf6510 e6bb
bb51e9d1 09e6
074ae254 e19f
fa5abfc4 203c
9058cdcd 0294
1821ec51 eaf5
0d845646 e62c
cd706df9 0d98
b1ad8bb7 081c
09b329ca e388
55fe44df f934
20589084 edb5
476ade74 f69e
3075ae86 f1e4
b205641a 0833
9e92dc86 04df
cda7fde6 0da7
ac972163 073b
b9e79096 099e
9585e129 036a
ae58fca6 0789
ec08ad23 16bd
3ade01db f42d
bda607c6 0a54
ad53c9d8 075c
8d7c0337 021a
ec138c26 16bd
b2801536 084a
c176c051 0b10
65940f1e fbd2
a517cb90 05f3
031de6a7 dbfe
e320bfd9 1364
a5f441c6 0614
03faf68f dd56
05a8937e dfc4
16940e97 ea63
aa514d68 06d7
949097d7 0341
535932c4 f8c5
b3ee81fa 0883
53e16b89 f8db
1be608ea ec48
8a881fff 01ab
eff0d12b 187c
81da0bd5 004b
cd4d7b5f 0d98
6c154085 fcde
62abba62 fb55
8944374e 0179
faff0034 20db
ba846162 09c2
1db679e3 ecdb
165de0a6 ea4a
a880fe96 068b
847794df 00b0
75ebf884 fe69
ef8c5dc1 185b
0d2d39ae e5e1
493b2739 f6f1
2ff80cb0 f1c7
0760c924 e19f
d5f6510b 0f9d
f8254388 1dea
73dca604 fe19
a48061b9 05de
c1739277 0b10
0d85df5a e62c
2afd3343 f093
f73de168 1d0f
0389e814 dcea
0e3adbc8 e674
9351d773 030e
87016d46 011e
b3f5f60d 0883
07823dea e1db
e23ad3e5 1311
1174307f e821
30180a02 f1d6
f8aa2134 1e61
5f458d6e facc
752dfff9 fe4b
9af514f1 0443
8a68dd25 01a1
cb53a998 0d27
d57872a6 0f7d
286ebb98 eff0
7d552d13 ff97
65d6dbdb fbdd
59691b04 f9cc
63e4ab97 fb89
23fc734b eeba
9dc9349f 04c0
413232e9 f56e
37325a65 f364
6238f83e fb40
c1a79d83 0b1d
7a7c4e8a ff1e
a859e227 0680
add1297a 0773
5f71950f facc
e0cebd60 12ad
2803be76 efdf
01485d57 d72f
37d989d5 f38d
d6874b09 0fce
4beadba3 f771
91097f7f 02b2
79e6cd79 ff0a
1750444e eaad
5e7eea25 faa2
286ab088 eff0
f5377ecf 1b90
7d34b762 ff8d
42ab8582 f5b8
b3e4d86e 0883
edae3e21 1767
f6bc3bb4 1ca9
5f762eca facc
f48db80a 1b39
fc01fdc0 22aa
4bbd6860 f766
2784e0be efbe
1e17700d ed03
11204938 e803
df34cc37 1224
aada7f5e 06ed
f11b6432 1922
604b0a1e faf7
2a4e2e3f f073
682a070f fc3a
6eca94cf fd4e
9fd92823 0514
2dc201c4 f14e
270c3b72 ef9c
a98b6b89 06b7
cffbdec5 0e2a
24eaf401 ef01
943f3fb4 032c
5cfe51ea fa62
715ed83e fdb3
2c6a082e f0f1
e3ceb523 13a3
ce65fcbc 0dd2
24907e4c eeef
6fd88b1b fd77
1a591138 ebc5
63c33ec8 fb89
891d5cbb 016e
5f57fb3a facc
f27e1f3c 19d4
2ef9f68d f18b
901767b8 0289
fb706825 2187
f1de63e0 198c
616d4863 fb21
6b665139 fcbf
a2f9691d 0593
e4e1d6e9 13f9
1d366d14 ecb1
885bf14e 0150
230131f1 ee83
5e275b3d fa97
ecde374c 1711
b1066a84 0805
7c8d7c95 ff79
7e8c7ed0 ffc9
a91b7568 06a1
3c30d280 f46f
a25b5811 057e
8830d9e0 0146
65183a8a fbbd
027f2b0e da55
08aa310e e2bc
7c264802 ff65
82eca366 0073
fab2c467 208a
6b399608 fcb5
18c46efc eb3c
bc0dde3d 0a0b
ff8124d3 2f9a
e9429e07 159d
bd8eab5c 0a54
65acf097 fbd2
e9a88807 15b6
421daa49 f59f
1c771833 ec72
8d89859b 0224
137c8d26 e90b
b059f3a0 07e3
e3e6f15e 13a3
6c4e6a0e fce8
06f604c0 e122
3b83bfb5 f455
8f287ca7 0261
79d6033a ff0a
47b5823d f6aa
d6b43fde 0fce
baa8f359 09c2
32765520 f259
6264f878 fb4b
b76e5ceb 0927
9d1d91ed 04a0
86a508e4 010a
19688395 eb6a
a2d58abf 0593
e7bf795b 14f3
4005cd59 f53c
dfb516a3 124b
dc157301 1146
294641b7 f032
fdbe39c0 25ab
94b170f0 0341
cbdabd74 0d43
96d1c5e5 039d
fec7063c 29ec
e226b2e0 1311
1366cae3 e90b
75615081 fe55
08cbd14e e2f1
e5b0acb7 143b
3696a0f7 f349
ddee4f63 11c6
04a8344c de79
2c1ad6ee f0e2
3f752286 f516
51cf9a80 f882
b51528f9 08bd
a10c9ca0 0549
5181e5b5 f877
1c8e681d ec87
58ce9b96 f9b6
f30b38b9 1a46
b29b6f1f 084a
6ae7b53d fcab
554bfc13 f91e
608e71e7 fb01
98d6834b 03f0
c944f8ce 0cb7
9e1cb44a 04ca
9424e84e 032c
608c4cf5 fb01
cacdd215 0d0a
0d3229ae e5e1
e297aed7 133a
8ff59cce 027f
cd8b8ba9 0da7
4db66864 f7c2
e9d80341 15cf
8a436763 01a1
eb65d6b5 166c
f0755468 18bd
4c5dbbe5 f788
c7e52506 0c65
545c9c3f f8f1
4e7c3ee6 f7e4
830f2236 007d
2827771d efdf
b89dea0c 0962
d5d86bb2 0f9d
f6579d5b 1c78
9bcf9d5e 046c
aa9e4466 06e2
aa18e589 06cc
8bd74f49 01dd
cbee5b91 0d43
73299d27 fdfa
6adf85c8 fcab
30d1e8fa f202
c948606b 0cb7
e891e6ec 1553
dc2b9525 1146
82c51c51 0073
3e687339 f4e3
7d1218d9 ff8d
deda12a8 1211
486051b1 f6ce
863ab818 00f6
2ee7322a f18b
2072a836 edb5
17bf1805 eac5
335389b7 f293
0de9c981 e650
4f904709 f81d
43bca700 f5e9
1dac8471 ecdb
43e1e0bc f5f5
abd52891 071a
0a46a9b2 e416
f1a1730b 1968
be74f43c 0a79
867d529b 0100
397ad3b8 f3de
7b48f908 ff46
61fc318d fb36
41da9365 f593
3b259374 f43b
266ce9b1 ef69
81925622 0041
7bf094d5 ff5b
37ae8e56 f37f
083349da e24e
337db758 f293
9c80c2a8 048b
4d9439a0 f7c2
ac4485ec 0730
1f7a01cb ed67
e3610a10 1379
fd23ed56 2485
e9de4095 15cf
1634e7e6 ea31
37478723 f372
b0543a01 07e3
555a2b79 f91e
8027a34b 0005
1393906a e927
3f6fb8ba f516
0ec6ddf4 e6de
48e5f281 f6e5
335bdd09 f293
1b65d8f5 ec1d
9fd3bc18 0514
7ca71f88 ff79
bb571e40 09e6
34b56489 f2d9
d54ea4c2 0f7d
6f0bff1f fd58
432a5040 f5d1
382bbd65 f39b
e65137ca 147f
70a3ccaf fd95
cb002bb0 0d18
fdfa9a33 2654
00f71537 d4b9
60e74965 fb0c
81f2a46c 004b
dd1dcfce 118f
2c27fa9d f0e2
85992bde 00e2
a9ffb3b1 06c1
9d2ba5d7 04a0
38c7c82f f3c3
ac8dd5c7 073b
0d5539c3 e606
a9e918d7 06c1
c4ed44c6 0bc5
8c562f7f 01f2
ae15b903 077e
ccfa4ccb 0d7c
0e011362 e674
a00c2b42 051e
8ecb56f2 0257
31e791bf f23c
535c8971 f8c5
f58bc7d3 1bea
0b6d728b e4c7
e0fe8432 12ad
f3a71359 1a94
b9778bdb 0986
9aff2789 0443
f5aad155 1bea
d7fb9350 1021
ae0f758d 077e
fef577ea 29ec
f98d6405 1f63
04da3c15 ded1
dee0859e 1211
0ce3e6fb e5ba
013ec49f d614
ee756a8c 17c0
85780a92 00d8
3109e47f f211
a51ea11e 05f3
9e28c261 04ca
7ddeac37 ffab
d9328830 1075
9fd805da 0514
7ceac146 ff83
0ed20e38 e6de
20248b06 eda2
9231c173 02db
45546376 f63e
47f471e3 f6b6
e6b79cf7 1496
b1547b3b 0810
1b739291 ec1d
69760ef0 fc6d
ba6d2e88 09b6
13ed4374 e943
dfbf6088 124b
611caed8 fb16
a115811d 0549
5be3cc1a fa38
e68d5724 1496
23d558f3 eeba
610bb4e2 fb16
03300c07 dbfe
b8941bdc 0962
085dfc7a e286
c3ee487f 0b91
1e67594f ed18
d3329014 0eef
4e3d81fb f7d9
16d485b4 ea7c
22357443 ee3a
0af0f187 e470
91fca07f 02d1
f5784cce 1bbc
fda3a852 25ab
e3f24fae 13a3
7ec74b68 ffd3
7052daae fd8b
5497061d f8fd
e2f4cbc4 134f
2d3c6365 f120
8db36852 0224
1b34b652 ec07
1835a597 eaf5
da27e6a5 10b9
4690bee9 f67a
ceae70ef 0de1
588cc4d1 f9ac
7863cf42 fece
351a53f9 f2f6
3bec4939 f462
0cb97556 e593
5641c270 f949
9ee25cb8 04ea
6774e3c6 fc1b
46ed1f66 f686
90dc681b 02a8
50ff492f f855
4ec8c09d f7fb
7dd8aa46 ffab
d6508138 0fbe
793d1984 feec
197732d2 eb6a
d691f67b 0fce
a523ba4a 05f3
a14a8b03 0553
a1d39fe9 0569
b16a9595 0810
cefc31d2 0def
1a1cb4dd ebae
6661adde fbf1
7da82a29 ffa1
0b9d78fd e4f1
310d7fef f211
b1b03bce 081c
c017e4ee 0ad1
0a0798c1 e3e8
cb9b328b 0d35
a9c9f63d 06c1
4a7e7d9e f72c
1d7812c1 ecc6
2aa7f735 f083
9412e470 032c
58ad3183 f9ac
2d364c68 f120
e2604feb 1325
f58585c5 1bea
52915efc f8a4
ee3bf9f5 17a2
2660f3aa ef69
a91d1d8c 06a1
dbde24af 1135
c560a25c 0be0
b5fcbe42 08e0
4552fb15 f63e
ca65f48f 0cef
2044478b edb5
b630db4b 08ec
e4931d9e 13e3
1b8040a8 ec32
993467d9 03fa
22c1ee51 ee71
9d678816 04ab
85cba4ee 00ec
c9a3aa1f 0cc5
97eae42a 03c6
f6eb43a3 1cdc
f7fd8f0f 1db2
efc26f08 187c
1df2b18d ecef
22403f7b ee4c
0e45df98 e698
79358edf feec
008cac29 d2f7
af61ee3a 07b6
b90b9e99 097a
d4f2b6c2 0f5d
ba652126 09b6
83b50346 0091
f03e4c3d 189c
d4e379b6 0f5d
4fe65798 f828
36dcdcbf f356
b1d5004d 0827
702a5a82 fd81
14f982d1 e9af
bc271be6 0a0b
2c7067bb f0f1
6d243c34 fd07
58267a87 f996
387383fb f3a8
788545bf fed8
68791ca8 fc44
d56379c2 0f7d
0df2d4ec e650
a3cd496e 05be
fddb8da4 2654
b66a9cf5 08f7
ce9ebdcf 0de1
c207b469 0b37
fac413f0 20db
7853e1a5 fece
d141711a 0e84
5780369a f980
270665a2 ef9c
512744b2 f861
5b9847f2 fa2d
9e74c87b 04d5
772984d4 fe9c
444351fe f60e
8e135446 0238
44c0e291 f626
cf96e8c2 0e1c
d0d1cc2d 0e66
64708c54 fb9e
8e0690a3 0238
40d7d011 f561
4657d804 f66e
3cec8128 f496
16df7e4c ea7c
c1f0ad7d 0b2a
ccc24767 0d7c
73ad5607 fe0e
a4dd1bbe 05e9
24cc3137 ef01
5c03ac7e fa42
e7b82e99 14f3
bdcc24be 0a61
a573f306 05fe
93ba9a57 0318
5ef6a1a4 fab7
df09a56f 1224
9abd5a68 0438
c19d2b5b 0b1d
878bab37 0132
bcd52791 0a2f
266447b5 ef69
4d07e619 f7ab
883bf802 0146
35d7d5c6 f31f
41b8fea0 f587
67ed1f08 fc2f
410f222b f56e
521cb9c9 f88d
57c243bf f98b
7a23deee ff14
527d54f6 f899
9e7d3be9 04d5
a13106df 0549
0ba19eb7 e4f1
310cae57 f211
a39bdf66 05b3
de978afc 11ff
d185230d 0e93
9a492ab5 042e
e208d563 1311
45b27cc0 f64a
03a72b49 dcea
693098de fc63
0e3f599a e674
46b3249a f67a
c3060d83 0b6a
b29d4227 084a
e3ffca95 13a3
3f461aac f516
f6639f2a 1c78
04d2036d ded1
66eaed32 fc06
8b7b5ea0 01c9
1a4ffd2e ebc5
c17a466a 0b10
c70458d7 0c3d
57125118 f96a
c6d9a42e 0c30
2c982e17 f101
360849e4 f32d
a6fa566f 063f
7f4676a1 ffe7
3152f04e f21f
65b37f47 fbd2
50a11c9c f84a
a658068b 0629
097ff2a8 e357
ec77aab7 16d9
bb8719a7 09f2
48de41d2 f6e5
f462f313 1b0f
c0df9961 0af7
542000c2 f8e6
0f8f2344 e743
d8f9fc0e 1064
c1b2f191 0b1d
832dc553 007d
c21a6351 0b37
682ab249 fc3a
27d5b76e efcf
f4b69b3f 1b39
75d89df6 fe69
c28411ad 0b50
47d69d22 f6b6
6e334a5f fd2f
d6ae7461 0fce
b179db20 0810
5a1b8269 f9ec
fb7612f8 2187
69d05079 fc82
0421d3df ddbc
56edf649 f95f
ce273634 0dc4
2bd85846 f0d2
a440ca24 05d3
0f8beff2 e743
cdf3bcb9 0db5
0dfa6b09 e650
94b56bb3 0341
049fcb7d de79
9aff8446 0443
27cc834f efcf
ea57b5f5 1602
6709bba3 fc10
6d100753 fd07
82e333b8 0073
72831f49 fde6
ef4f439b 183c
669c92fd fbfc
0b4bb5e5 e4c7
8b367eee 01bf
d743775c 0fff
f89e2951 1e61
db3824fa 10ff
3cc3a75a f496
aefc5cad 079f
a0049f0d 051e
fb87c36e 21e3
3321505a f284
ec2feed2 16bd
d5148082 0f6d
f406b2fd 1ae5
8a1360fe 0197
d46a3a30 0f3e
504f3fe7 f83f
9a5f770f 042e
90ce20c1 02a8
f1d03ee9 198c
061dbb41 e057
80f3cdaf 0023
3e79c9ee f4e3
e6623e85 147f
68771774 fc44
e5138bd2 140f
9deee7a9 04c0
56b60766 f954
dff9741e 125e
8c9112c4 01fc
f2e19d1d 1a1f
65d8855b fbdd
e16c43ac 12d4
b5b8d65a 08d4
3aac5b52 f420
a26a78e6 057e
802a249d 0005
b42da76b 088f
61f32003 fb36
8be5a695 01dd
0be66bbb e51b
ac3317ee 0725
7434e6c5 fe23
81e63214 004b
19185162 eb53
5302e6bc f8ba
17fc10bd eadd
8a7ab161 01a1
1a3a1356 ebae
7b63d67c ff46
1b452ad0 ec1d
ae7c5a99 0789
0f421d85 e722
f04fea24 18bd
6b63ab88 fcbf
0fcecd65 e764
f2c9721c 1a1f
558ade7d f929
5fca5d53 fae2
f442b67d 1b0f
72825920 fde6
4aeccbe5 f743
d288a8bd 0ed1
679b5c63 fc25
7afe5547 ff32
286d3440 eff0
14f7893a e9af
66f49ab8 fc06
9fffb502 0514
706e6286 fd8b
0941abaa e357
8fe69bdc 027f
21b33cd5 ee14
714ee86e fdb3
779cbcea feb0
2808babc efdf
c9409587 0cb7
82b7164f 0069
b8bb3a0d 0962
3d214005 f4a3
d402b646 0f2e
24496878 eedd
c4638582 0bab
6c88f948 fcf2
56b9ef65 f954
c470706c 0bab
33a7bcab f2a1
b2b2fd5f 084a
cbd41f23 0d43
5e9762cf faad
2a88c94d f083
16ae1c30 ea63
b53154ca 08bd
26d7f5c6 ef8b
89c094d8 018d
a5951d3d 0609
e41dd6b9 13b8
309162b2 f1f3
45159f95 f632
2c668801 f0f1
2f1bb230 f19a
c2aab34e 0b50
a6fbe678 063f
d94ce1a9 1086
a8833dc0 068b
51d2c346 f882
9cbdde3a 048b
9768d98a 03b2
51bf3b4c f877
ccf6ad0c 0d7c
7a94a9bc ff28
7e65e72f ffbf
cf8e7303 0e1c
f27a4a1b 19d4
f41ceb58 1ae5
11a1a535 e840
5afec131 fa0d
4fc0e626 f828
fbbd5520 21e3
7af4f106 ff32
fad453cd 20db
99f81e2f 0419
321834b9 f24b
f323cddb 1a46
07c58bf7 e216
dc80f80e 116b
5bb6c2ef fa2d
ea14d635 15e9
56a49341 f954
f01e1220 189c
84ad006e 00ba
02274c9a d9ac
64d77c64 fbb3
ba7f57c0 09b6
df0122a4 1224
288ba28d f001
c003bf9f 0ad1
e9daeaa1 15cf
a362e706 05a8
cbcab547 0d43
0c691064 e56c
13999691 e927
2b2cb2cf f0a3
372a89dc f364
37cdd355 f38d
ebd0d782 16a2
143e687c e95e
8afd8bb2 01b5
74d39aaa fe41
eb65f1a9 166c
ea760f2f 1602
0a9fe5b1 e444
ddb92eae 11b4
a0206f26 051e
5463adfd f8f1
ce8ef349 0de1
1cd537dc ec9c
452bea9f f632
7091eb27 fd95
a5f703d9 0614
47b61b4d f6aa
4da63ad1 f7c2
1362348f e90b
974bb650 03b2
36137263 f32d
d7528edf 0fff
8b8ce2b1 01d3
d663a390 0fbe
d40e99da 0f2e
13ccdeeb e943
b951a474 0986
9033bd94 0289
782f19b0 fec4
7ab9d691 ff28
bd1c8b61 0a3c
c54bb26b 0be0
de17c8aa 11d9
835e0958 0087
153f942a e9c9
5978dd67 f9cc
28d459d8 f011
24247b99 eecb
7be3bfaf ff5b
20c4f66a eddc
7241325f fddc
04dc00c1 ded1
156fb68f e9e4
fbc7aedb 2244
20cdecb7 eddc
d99e31e0 1097
e99822ee 15b6
ec1e9b85 16bd
060d3a6a e057
8bff3448 01dd
abad17b6 070f
df8eb41b 124b
464f476a f66e
0c15401e e544
f6ce168a 1cdc
791f3bd9 feec
3b9c5728 f455
ab45f037 0703
3232aa84 f24b
daec8083 10ee
be6c9d77 0a79
24763752 eedd
771f8ddf fe9c
7dc1662b ffab
a5ba743f 0609
1c0f89ee ec5d
a5e5ba12 0614
2bce5ddb f0d2
dff7f855 125e
58709023 f9a1
1c9879a2 ec87
99cfd3ec 0419
cb3c2609 0d18
381c3753 f39b
f4f2d720 1b64
52aeffc9 f8a4
92eef6da 02f9
d9b40492 1097
58a27813 f9ac
178ef0a0 eac5
587b2a22 f9a1
780afff9 fec4
58d1f729 f9b6
fa7341aa 203c
2ca613b6 f101
6b284b38 fcb5
4a739491 f72c
c7e7de73 0c65
34ab76bf f2d9
9e1d19db 04ca
7fefb79d fffb
e8bbb795 1553
ed5f715d 174a
2a4307cd f073
6ce9fd1a fcfc
65c4a744 fbdd
18b9c81c eb25
d261e503 0ec1
6f4db98a fd62
269843f5 ef7a
15c21705 ea17
8a298875 0197
e03f218a 1272
81d35b7f 004b
3fd1ceae f52f
4b2fd8b9 f74f
f4ed76dc 1b64
5cd8295f fa62
6143433a fb21
ac9bf922 073b
3149dfd9 f21f
53beb6aa f8d0
04c6de12 ded1
55d19875 f934
31576177 f21f
c273368e 0b44
474a866a f69e
0b4871e3 e4c7
edc30c66 1785
e0eea5e6 12ad
18befdb7 eb25
28104ce2 efdf
7f719705 ffe7
90e11577 02a8
e59fbcd9 143b
4feb317c f828
7b47d602 ff46
460fcf23 f662
ba23b3de 09aa
af151c75 07ab
eeb5bec5 17df
492a3464 f6f1
81de02a8 004b
1a7c9401 ebc5
98e1a777 03f0
cd66c31b 0d98
326e59de f259
92f03c67 02f9
cc71549b 0d5f
be3f578d 0a6d
be7a1335 0a79
b5eba55e 08e0
b7d425d5 093e
be17c133 0a6d
73dacbfd fe19
62f9a2f3 fb60
74faf4e3 fe41
8fb91999 0275
0f50967f e722
5ebbe0a2 faad
d17d3ca5 0e84
7a764763 ff1e
784c2d3c fece
33d0c8c2 f2af
e5630c9d 1425
99d5105b 0419
887eb1a3 0150
cd7b63d9 0d98
038cd513 dcea
9f35a5b1 04f4
3520dfe8 f2f6
74e99f22 fe41
01e0af32 d8f2
606d975d faf7
1ee6828f ed40
12d05d71 e8d3
5bd4d36d fa38
6e1a545c fd2f
fa3da059 1ff1
16bcf9ae ea63
b370def0 086c
6d63ef79 fd11
a660c06d 0629
c90ee586 0caa
6543823e fbc8
862dcffb 00f6
21d6a469 ee27
b28897b2 084a
37f75385 f38d
ff90bd3c 2f9a
b034ac40 07d8
dab831d8 10dc
ac9f4383 073b
dc00eb70 1146
9ed46937 04ea
3c7ba07e f47c
7d52587d ff97
4f3eb55f f806
21f642f2 ee27
1b59cb01 ec1d
2996f78f f042
7d04b1f8 ff8d
74e164e3 fe41
eec278c4 17fd
558033fc f929
a9bde7b9 06b7
53cddb89 f8db
4f1ddedb f806
aecc6191 079f
67c18cf4 fc2f
4f3286b0 f806
ba24debb 09aa
f37f25e6 1a6d
a477680a 05d3
0fd41957 e764
359edd27 f311
cee94ac9 0def
5c0c36ee fa42
ac26d91f 0725
288f08d0 f001
35411d45 f303
be69e7bc 0a79
a42c5b0d 05c8
f1947654 1968
93d74020 0322
4f353f2c f806
d3ff79bc 0f1e
e15910be 12d4
2323f4db ee83
bd476aa7 0a48
a4575b90 05d3
17ab08ea eac5
4f954718 f81d
b57e9141 08c9
e6da498b 14ad
6d7416d0 fd11
a3eb6ce2 05be
5fa510ed fad7
1fc96411 ed8e
4df01b0b f7cd
c4cca926 0bc5
52322225 f88d
4dc005f2 f7cd
1df36296 ecef
4ada8729 f743
ea62dd56 1602
cb015ab6 0d18
4c2a3aaa f77d
82e3991e 0073
58251061 f996
724030a3 fddc
dfb4908d 124b
45af6a44 f64a
2b1f510b f0a3
9dea0b91 04c0
03af7a71 dcea
3fee1f6e f52f
e4ef77b7 13f9
d3f42bff 0f1e
edecb0a6 1785
96213729 037e
16de9e31 ea7c
2e622bd6 f16d
cfa2552e 0e1c
5c8591c5 fa58
4931f9d8 f6f1
5eb90ff6 faad
19889260 eb81
099cbed8 e388
cbfe3c4a 0d43
7fef45ab fffb
ac30e01b 0725
eb291c30 1651
b7f03146 093e
21d4cfa7 ee27
b616f2d6 08ec
c69599c7 0c22
c36805fa 0b77
c5a71698 0bed
7680d24a fe87
71467487 fdb3
d97d5350 1086
fcbd1f75 2388
2ba750e6 f0c2
aec50e03 079f
f7982f3f 1d7a
a8207e7b 0675
e0b831dc 1299
1fe82ebf ed8e
c4f508f4 0bc5
945a8889 0337
51339add f861
2a722348 f073
c47ba946 0bab
0d904d6b e62c
519d5955 f877
cbbb8d78 0d35
07a7efb9 e1db
f2bb0a11 19fa
2a18490c f063
d5132338 0f6d
a17b7665 0553
311a319a f211
f8ed4e52 1e9e
b0c86af6 07fa
de4b46e1 11ec
1889ee75 eb25
8aa4012f 01ab
869698ab 010a
d3803911 0f0f
bf409fa3 0aab
2bdcba2f f0d2
ce72c093 0dd2
5f9588fa fad7
ae904275 0794
0e294190 e674
0b52eb53 e4c7
c7a448bb 0c58
1ec44d75 ed40
155bd48c e9e4
bdf2393d 0a61
9a3df242 0423
576e7558 f975
62d3c997 fb60
cc09a51a 0d51
4cabe2df f794
d71a5612 0fef
e917d442 1584
cc247b3c 0d51
6b53d92d fcbf
8f89b703 0275
6f5d28b1 fd62
f0ad7fc0 18de
0d3c6591 e5e1
52ca0579 f8af
1a50bb6b ebc5
7655778e fe7d
b4f93ce1 08b1
1ca055bf ec87
0c56fac1 e56c
ec516c61 16d9
52d83e1c f8af
33820d67 f2a1
eb469ca6 166c
90f38b97 02a8
db8b0b9c 1123
3b67a3e3 f448
cfeb87c2 0e2a
ea92b6f5 161c
10938d84 e7c4
d8277ce3 1031
8d603f56 021a
c0b49094 0aea
bd23fe50 0a3c
d4abb4ad 0f4d
84dc5f7f 00c4
6e87a66f fd44
96fcb571 039d
e9f63c21 15cf
c51f71da 0bd3
6037d666 faec
33c1cb72 f2af
7c54827f ff6f
46afaa73 f67a
c10aa978 0b04
2ff3ac80 f1c7
9b483cbf 0457
eaa8d215 161c
6a78626e fc96
c6027356 0c08
99a798a0 040f
abad9b5f 070f
cf07554b 0dfe
4e9c08ff f7f0
628fa502 fb55
a8cdf48a 0696
3b2c0bec f43b
7490905b fe37
41febdb8 f593
208b3028 edc8
2cc77521 f111
f656e7fd 1c78
75657793 fe55
5095f753 f84a
5e103461 fa97
0cd0b9e2 e5ba
d60ba6e1 0fae
fe4fe166 27e0
f4b4d686 1b39
36f2759e f356
4e4beda3 f7e4
cf0231e6 0dfe
4f9f8b64 f81d
556c9c53 f91e
a6999ada 0634
a2feaff9 0593
daa09ad2 10dc
c0e731dc 0af7
828122f8 0069
57d44939 f98b
1aff9c68 ebf1
897d951a 0179
0f5e9278 e722
43df30ab f5f5
3f910e16 f522
78f45c9a fee2
ea3f78a3 15e9
4126c1ad f56e
75033a8f fe4b
ba32743d 09aa
5c8807e1 fa58
5667e769 f949
a6e42b43 063f
73a75ad7 fe0e
f527229e 1b90
13aac92a e927
d6f4f513 0fde
c01d2ca4 0ad1
1352e9c3 e90b
b608c95c 08ec
860bac82 00f6
6605e8d2 fbe7
ecf59525 1711
80fcc15d 0023
a16567b8 0553
c7e5550d 0c65
3e8f2d5c f4f0
dc4ac697 1158
e1cc43e4 12fd
8b2e7883 01bf
ea1ef12e 15e9
af27cf7b 07ab
809ac658 0019
4034665b f53c
5e76b615 faa2
a3d14b18 05be
05cb14b7 e00f
2d23028d f120
d65e2fe7 0fbe
9aba5e99 0438
b60a5c09 08ec
e7d83d84 150b
7e2b4282 ffb5
ea79cb6a 1602
4346a52e f5dd
0e385422 e674
79cbf8c5 ff0a
59467f59 f9cc
f744c929 1d44
12e85a10 e8d3
e7566b42 14db
9ddc87d0 04c0
c1ef385b 0b2a
82977446 0069
2474a2f0 eedd
5f57c040 facc
39943050 f3eb
f20c684f 19b0
9a369de3 0423
062562cf e057
7b5f2f04 ff46
7dc3edb3 ffab
86eab2db 0114
77f58fab feba
de830c6a 11ff
4ac18cf7 f743
1fbeba6d ed7b
a611ffed 061e
5ae2c103 fa0d
3e2b3621 f4d6
7ead8f61 ffc9
54606a7a f8f1
16b1702d ea63
ee31c8c3 17a2
fb39acb3 212f
90335137 0289
2e50e775 f16d
135b26c1 e90b
2ad87975 f093
ef1eb701 181c
8ab05c96 01ab
5f932f9a fad7
06755d3f e09d
d71c8c4e 0fef
2f53b5c2 f1a9
4a608dff f72c
a5cc80a0 0614
0e8ebc0c e6bb
93e17afc 0322
f80aad79 1dea
a08fc174 0534
15c42773 ea17
e949b3d8 159d
3c01c281 f46f
ce86ef7c 0de1
ac6ec942 0730
edb4c194 1767
d29663b3 0ed1
27022ba3 ef9c
c5015eeb 0bd3
34422411 f2cb
3dd06dcf f4c9
8a49fad5 01a1
33d8b9c6 f2af
e2dbdf05 134f
41e507a1 f593
265d7955 ef69
5f7d665c facc
363ee2f9 f32d
8061c7f8 000f
02c6c383 db7b
69673a09 fc6d
59ceb9bc f9e2
71bd82b0 fdbe
33cc9a65 f2af
cd5633bb 0d98
fd757595 2512
734ba363 fe04
0476b8d7 de1d
20d30206 eddc
b40e70fb 088f
145c8d0b e97a
3e9a113c f4f0
e8d97bc1 156b
3513bc49 f2f6
9bf9f45c 046c
adab99da 0767
08c41719 e2f1
e19e47af 12e8
4dc90451 f7cd
ca2733d0 0ce1
cdd35550 0db5
d663a19f 0fbe
723601d8 fdd2
1e0cd0d3 ed03
0bfeebce e51b
4a97e219 f737
2915d919 f022
575b4395 f975
8d4bb929 021a
0fa6361b e743
80ed9ec3 0023
346f5679 f2cb
a14fe535 0553
3203a7bc f24b
0c220b16 e544
608612d8 fb01
d4e3b84e 0f5d
3f87339c f522
0889ec90 e2bc
4f0853be f806
ac79c49d 0730
8aa728f2 01ab
0b4c2b82 e4c7
dbcc151c 1135
6245e6b8 fb4b
d97e1aa7 1086
6ba50b76 fcc9
348cd227 f2d9
089125ea e2bc
3523f9fb f2f6
ac84dfb9 073b
d8143ce8 1031
6c9a56fa fcf2
276333c7 efad
54cfdcc6 f908
3a045553 f406
2ba13788 f0c2
70b4b4aa fd95
b14f931a 0810
a6d0ff55 063f
55456c2a f91e
d9130c46 1075
9d3e31a9 04a0
5b7885f1 fa22
72ea95ec fdf0
0b05bb18 e49c
b070710d 07e3
be4a29e8 0a79
a5804bbc 0609
867b1ddf 0100
4e799e12 f7e4
adcd697c 0773
77a76e1f feb0
391ae235 f3d0
529f58f3 f8a4
ea8a53fd 161c
99e16eea 0419
2b90b7be f0c2
b9be2164 0992
d43c58a3 0f2e
6a573387 fc96
3bd7969b f462
cd5561a4 0d98
aa10a265 06cc
21b50149 ee14
d76a869b 0fff
c4ecc96d 0bc5
8225da95 0055
826d5134 005f
1c2ef6e7 ec5d
3b5c9c0c f448
581c51b9 f996
58740086 f9a1
46a039da f67a
6f54a9bf fd62
7156244e fdb3
560edd04 f93f
4197f882 f587
16136410 ea31
f305db8f 1a46
01d0a81d d8f2
3a1c18af f406
02a4bca0 daee
bb961a5d 09f2
2570eb3f ef24
ba17a727 09aa
8ce6afd9 0206
87024c36 011e
37642c04 f372
cb3a5333 0d18
67715fa3 fc1b
23027099 ee83
3e19bc52 f4d6
b6025293 08ec
5fd58284 fae2
cfc3d20a 0e2a
3c762b11 f47c
895f032c 0179
dc9409d7 116b
2b929bdb f0c2
cded6b35 0db5
4468fe88 f60e
523dc1df f88d
d6cc0c4b 0fde
e8862e81 1553
b9044815 097a
cf3d406e 0dfe
aa6b5cd5 06d7
3fbd1607 f522
9aa166d9 0438
91fd1229 02d1
d3898517 0f0f
a9355d5f 06a1
977892ac 03b2
b7efabba 093e
3ce9ec58 f496
a6c04f25 063f
77bfa1f8 feb0
9c473577 0481
5a66ba34 f9f7
9b242243 044d
885aedb0 0150
2b49bda6 f0b3
928a758c 02ef
d0a08285 0e57
d3999ebf 0f0f
4d4f656e f7b6
e67e380c 147f
a7d753f2 066a
6606bf31 fbe7
dfa5d460 124b
17f17e96 eadd
d62bf8fe 0fae
811ba0df 002d
07f2c847 e216
25e6471f ef47
9afe5e59 0443
0e01876c e674
988706a0 03e5
cae44ed3 0d0a
9b59b715 0457
5629ee87 f93f
e824714e 1523
ce30fa4a 0dc4
b85ecdae 0956
35357a30 f2f6
395af030 f3de
53df20a6 f8db
2f411181 f1a9
9c82a58f 048b
4482a801 f61a
828163c7 0069
a6739b3d 0629
4fa01df1 f81d
e03d0a37 1272
bee9b889 0a92
59791bee f9cc
6021b4ed faec
a51c6b6f 05f3
0f97e0a9 e743
217587fc ee01
ee6ff3d3 17c0
64e0d706 fbb3
71825b6c fdbe
b5cfc551 08e0
17638be5 eaad
dc6bdac0 1158
033d36db dbfe
159c8db2 e9fe
ce9cb5ce 0de1
08e07c56 e2f1
18474334 eb0d
f44e2775 1b0f
ee620367 17c0
622aacbe fb40
8e129ff0 0238
8e5dff56 0242
f97e61b0 1f1f
d109281b 0e75
0f89c844 e743
ef2862e3 181c
43f9c57e f5f5
93939711 0318
3924c6c6 f3d0
cba852d9 0d35
dad06ccc 10ee
963ad13b 037e
ac36e81e 0725
2c6db6c1 f0f1
b8f8988c 096e
9a1a0a4d 0423
74a70540 fe37
d87d4cfc 1042
842abf0c 00a5
ac44145c 0730
a3b44e88 05b3
4c02e6ac f77d
4596e28e f64a
f896f59b 1e61
ca19cc43 0ce1
6f224881 fd58
3130905c f211
9833b0e9 03d1
f608ae42 1c48
3debd9d1 f4c9
09cb388b e3b8
d25bfe57 0ec1
eb59617b 166c
195aba3d eb6a
0b2410e8 e49c
c92432cf 0caa
e5b376ca 143b
7bf8e042 ff5b
e8e26158 156b
0e524a8e e698
e9445025 159d
129ab55d e8b6
a9efbd14 06c1
56c26b93 f95f
2ea4bacc f17c
068d7e42 e0e1
a3cd3a79 05be
4e49a27d f7e4
218c7ff6 ee14
70f741f0 fd9f
b00d02ce 07d8
7ef90586 ffd3
74992b41 fe37
62a7569e fb55
ec113642 16bd
c202f9ab 0b37
b27d9dd2 083e
05f6aa3c e00f
a605906b 061e
3e7e72e2 f4e3
fa75b1dd 203c
f66d719c 1c78
38ea21d1 f3c3
d8239fb1 1031
71014b99 fda9
00c87ad5 d4b9
5895ffeb f9ac
f136cc75 1922
3df8b7ad f4c9
73c9de77 fe19
ac457611 0730
0de7e376 e650
046e3cad de1d
2cb45219 f101
59bc2d62 f9d7
0cca31d3 e5ba
80dd3409 0023
1ba139c3 ec32
8504879a 00ce
7f194352 ffdd
55982254 f929
d50210f6 0f6d
467a823a f66e
b0152114 07d8
893932ef 016e
96ea38f3 039d
75659508 fe55
4ced6c96 f7a0
f52263c1 1b90
90250ef8 0289
6fbb1221 fd6c
b7ebf987 093e
99489f3a 0404
a94563b4 06ac
774707c8 fea6
b73d7a26 091b
aec65ecd 079f
6298ae7f fb55
fa19c380 1ff1
87aacb7b 0132
3dc7b63b f4c9
58b2007d f9ac
d954e00e 1086
f6296f0b 1c48
5119ff1f f861
64d1b484 fbb3
b9242ba8 097a
28fe4646 f011
71a3c78d fdbe
412cc3e2 f56e
0f2f9ad8 e700
60325e4a faec
28f6be55 f011
f8afc14b 1e61
07db40ac e216
a279d31d 057e
05de7eb4 e00f
f372d8fd 1a6d
132d6cc5 e8ef
60b4aabf fb01
3be0dbe2 f462
28d25e33 f011
2a3c49ee f063
f1bddc5a 1968
2949d160 f032
6af0bf51 fcab
2b792424 f0b3
472f0885 f692
d325ebcd 0eef
778daa94 feb0
2345c35b ee95
0413db8f ddbc
fadf98d4 20db
bd52c826 0a48
90d86ce7 02a8
daad7270 10dc
ef5c992c 183c
5bad04dd fa2d
afd83b3c 07cc
1c23c73e ec5d
e43647cb 13b8
df5e9455 1238
7500d0db fe4b
ff366b6a 2b47
60665f55 faf7
936a2b53 030e
64b554f1 fba9
0db12325 e62c
859202b9 00e2
ca594177 0cef
340b8581 f2bd
078e516a e1db
16fa5744 ea7c
e2984bf3 133a
28cbce05 f011
2753e263 efad
2ff46785 f1c7
9fa7b11a 0509
6e2f0cdc fd2f
32bdd0c4 f268
57bcf4e4 f980
bdec7a65 0a61
7983d700 ff00
2ab25573 f083
35c3d19a f31f
8f0537ce 0261
ed218868 172d
299c0eb4 f042
d7115ce7 0fef
3a18d644 f406
faaa162c 208a
9bc27a63 046c
4dd0b592 f7cd
98539a03 03db
96243459 037e
e9c8e3ba 15cf
d071928e 0e48
78a6ea2b fed8
af225816 07ab
4351cfb5 f5dd
5f1b27fe fac2
a9946b46 06b7
3913c89a f3d0
d0c1cc0f 0e66
c0759677 0ade
0d9496c0 e62c
db0cd2a8 10ff
7dae3f67 ffa1
536fe468 f8c5
45b1a2b6 f64a
6f9880dd fd6c
880d299a 0146
9ec254b9 04ea
38ac7e38 f3b6
4be84ac7 f771
b55e9d1e 08c9
2b8c7bb6 f0c2
104cf336 e7a5
afdcc140 07cc
d43032ac 0f2e
47a15e1a f6aa
0be0edeb e51b
5e2893f7 fa97
3d619ba7 f4b0
e80b8da5 1523
69cf7aff fc82
2d21a6a5 f120
edc399f3 1785
f01d6c84 189c
dd520dad 11a1
04b1e4cd de79
e748cba8 14db
b60a2d29 08ec
e7593bbd 14db
beff8aaf 0a92
42fe379d f5c4
86fbd783 0114
b82c9e93 094a
c3025f0c 0b6a
b55476f3 08c9
5c2a728f fa42
d949c62d 1086
6cb43ae0 fcf2
f9fcf791 1fa9
fbc0d61d 2244
7f583fe3 ffe7
3588705d f311
1a7a42da ebc5
55120173 f913
d05a8b85 0e48
030d471a dbfe
9e117f17 04ca
ca95a1be 0cfd
5324fdba f8ba
4c88d4ee f794
08d2b439 e2f1
40ef5cd2 f561
d776a5a4 0fff
927b0a84 02e5
334f2ac4 f293
26c337d1 ef8b
20fa895f eddc
751f375c fe4b
7f083ab5 ffdd
07206073 e162
c88ba9be 0c8e
c4207c93 0b9e
c61d2af9 0c08
8f0f7d9d 0261
55626960 f91e
26938d8a ef7a
ff25af09 2b47
6e298830 fd2f
4d900b45 f7c2
b43a72d3 088f
16e91838 ea7c
485a79bb f6ce
f0fa6da5 1900
2949d885 f032
4eb053d0 f7f0
5abd80b5 fa02
d4e27c09 0f5d
abc5dedc 071a
040d11a9 ddbc
6ab60974 fca0
ad15870e 0751
1fe5cee2 ed8e
83404967 0087
7fd5787e fffb
d9922ce0 1097
6c4f801c fce8
4dc9ce7d f7cd
ca18ddeb 0ce1
fba0dace 21e3
96610a89 0389
edf2e17e 1785
eff31b84 187c
ba076f02 09aa
28c2374a f011
bbc1cb72 09fe
aec5d0b0 079f
2714fc28 ef9c
d54f78a5 0f7d
358b9167 f311
c4122f1c 0b9e
1f19bedf ed53
b85e3afe 0956
a1e8c9e7 0569
e24a9fb3 1325
3d0dcb9a f4a3
c911c2eb 0caa
da99de5f 10dc
62c15014 fb60
022aa531 d9ac
e4dfa2a8 13f9
d476065b 0f3e
45b917cb f64a
fad80680 20db
f430cb9c 1ae5
abd1d768 071a
2a940c51 f083
66ebb0de fc06
711c8b73 fda9
ab9b3c9b 070f
06b31dc4 e0e1
7ea8561e ffc9
7ef4a95d ffd3
19946c3b eb81
08efae3a e2f1
e5d1d40f 1452
cc4cb2fb 0d5f
4b03f5e8 f74f
6b0f9ec0 fcb5
5151aef3 f86c
1584db70 e9fe
865a606e 0100
085216eb e286
76d3d0aa fe92
68999044 fc4e
c62ac7fc 0c08
83cec4b5 009b
f1768427 1945
69cd6f4c fc82
b7de4066 093e
3c9a8e53 f489
e5bf0389 143b
aff57933 07cc
008ebe3b d2f7
e1275aed 12c0
7ddb57fc ffab
d07fc5d7 0e48
b557315a 08c9
e648fc1e 147f
f9122463 1ede
3f9a22c1 f522
71f019c8 fdc8
f9dc4b67 1fa9
9d6e21ca 04ab
74a023ea fe37
cf3ae4b0 0dfe
61c7bcf5 fb36
71cb5d03 fdc8
2aa14796 f083
17ccb634 eadd
d7d41100 1021
6d634903 fd11
f6317351 1c48
dc950a09 116b
c45d4c68 0bab
8b78f2fc 01c9
2fd75485 f1c7
e59e2b91 143b
f157287a 1945
8e6dd917 0242
a38c1b3a 05b3
83e11a9e 009b
ef7c92f9 183c
d2e1f9a2 0ee0
5c722aae fa4d
f8ca7dbc 1e9e
e19ed598 12e8
1c9e41b3 ec87
4327f197 f5d1
e397f1f9 138e
24e870a2 ef01
f9dc7fad 1fa9
1e96d6bd ed2c
029dc84c daee
8392645b 0091
b0c77ce1 07fa
c0a4647f 0aea
65eef6e2 fbdd
73d859e3 fe19
6e52a20e fd3a
b795eb22 0932
5e14051f fa97
63f91bd7 fb89
19057420 eb53
7b14f642 ff3c
211d0288 edef
fc7f4f4c 2316
6757e96a fc1b
a2f37040 0593
d19ea021 0e93
9ade0c43 0443
f5fd2db5 1c18
5abf558e fa02
f86d95b7 1e25
eb543d63 166c
11ea6321 e85e
135183f8 e90b
8047f3ce 000f
afdb53bc 07cc
91c1ae9c 02d1
51e68e51 f882
ead935b5 1637
eee7c7d9 17fd
ec47b18a 16d9
9a0207c3 0423
2d7326be f12f
da0930fe 10b9
90ff9a45 02a8
4d570dbd f7b6
073e085d e162
f37f8c35 1a6d
972ea674 03a8
3632b589 f32d
4431c5a5 f602
2b2d0c14 f0a3
f6edea04 1cdc
06b0a8f1 e0e1
0a2395df e3e8
4bd93425 f771
10289cf2 e784
4abfcf15 f737
fbf000e6 2244
719161fa fdbe
fecd2122 29ec
f0eda876 1900
12a8f5b1 e8b6
002cb8fa cb3f
b39558be 0878
78de83da fee2
b97c218b 0986
06d95239 e122
4244f590 f5ac
e53773e0 140f
c0684c09 0ade
aebda505 0794
d3921979 0f0f
218b84cb ee14
2a621e64 f073
b278c09b 083e
52d8146d f8af
757a698f fe55
87962a8e 0132
6152005b fb21
5375433e f8c5
cf7975d8 0e0d
dacf1b9e 10ee
a4e6cce6 05e9
b57fab84 08c9
9a6a74cd 042e
e31cd1b7 1364
021f4881 d9ac
45ee88b5 f656
d36b2487 0eff
ec428050 16d9
1905477d eb53
5555fa02 f91e
3f350d67 f509
ea780ee4 1602
34a42ab9 f2d9
57c0ad4d f98b
e2f7dd80 134f
44ff1315 f626
a4daecb9 05e9
42dee071 f5c4
80c1e826 0023
45a124b3 f64a
59c4f5ad f9e2
99ac9dfd 040f
62b7f857 fb55
ee7007dd 17c0
bd49ed0d 0a48
e09638b1 1299
568053c8 f954
bb60b2fc 09e6
9f4d57f5 04ff
e49e5dcf 13e3
4c1fdaaf f77d
eba68dd5 1686
b160a38f 0810
a5b0750c 0609
1527dc64 e9c9
e2306b11 1311
d6946a28 0fce
f3b9d305 1a94
564203be f949
e6737516 147f
8aaf6687 01ab
c1a2b386 0b1d
943c34b5 032c
ce330e55 0dc4
199f8841 eb81
083eb087 e24e
3aa31db1 f420
25ade4b0 ef35
65cbfc42 fbdd
b01b6dcc 07d8
8e5d1646 0242
f293d29c 19fa
901e2d9e 0289
795cdbb3 fef6
f245093f 19d4
8e3f69b1 0238
cc03b087 0d51
b356ae41 086c
47dead97 f6b6
712f1490 fda9
dcf64e93 117d
19eb9ab0 eb98
534067e2 f8c5
10c5d0f8 e7e4
20525aac edb5
d48dc581 0f4d
b1457808 0810
54cdc8df f908
15fce9e9 ea17
630f4192 fb6a
181d1581 eaf5
228ecd9d ee5f
395159fc f3de
a4915431 05de
0641688d e09d
dc9d0abe 116b
9e536ce5 04d5
fbb1406f 21e3
cbf3b039 0d43
347fef3e f2cb
639d596a fb7f
c000e8c2 0ad1
3490b7fb f2d9
fa5431c1 203c
2c6fbc4e f0f1
25ccb7d1 ef47
a24fe37d 057e
bf1c4c20 0a9f
6aa1939c fca0
a901f7ac 06a1
6d5162d3 fd11
59d1e70a f9e2
6e89764c fd44
1a3099eb ebae
02baed05 daee
3f3d16ec f509
c4ff7d37 0bc5
f959b193 1f1f
c423ffe6 0b9e
8176fa90 0037
2eae3464 f17c
0716020e e162
e29907bb 133a
b103327f 0805
9bbd7a21 0462
9ef1aeaa 04ea
5bb9d5c2 fa2d
8bca3427 01dd
958f187a 036a
c3dbbf9e 0b91
7be650e0 ff5b
316e283c f21f
9f9559d1 0509
de867e0b 11ff
be091c8c 0a6d
b2cb9302 0855
1547db3a e9e4
113e6a81 e803
ec9b59a0 16f5
1ccaf5ad ec9c
4715cfb8 f692
82d38212 0073
4d405cc6 f7b6
6fe4a0fc fd77
b8d8e8a2 096e
70302f30 fd81
1e603198 ed18
890df115 016e
fb99ed02 21e3
4c68aea4 f788
0f744106 e722
2ffdf5e6 f1c7
49baa59f f709
b61bad66 08ec
cf6968ad 0e0d
cd3c88d5 0d8a
489b4c69 f6d9
adda9620 0773
bf477c5e 0aab
71bf68eb fdbe
1ffd7228 ed8e
642a3352 fb94
3e54c236 f4e3
3df97a20 f4c9
07ccd55e e216
2d93303c f13f
4d012247 f7ab
32c4a295 f276
64d17ece fbb3
3b7ec41f f448
970eb349 03a8
b4c03b71 08b1
11e09c2b e85e
60997391 fb01
52b83062 f8a4
5cf13106 fa62
d007e973 0e39
442841de f602
f7d72314 1db2
e28c09e1 133a
8e25aea7 0238
bbf30cfc 09fe
c645c671 0c15
b74cd8c3 0927
23acd252 eea8
4022a66a f53c
5967ada0 f9cc
a73f0f52 064a
9192e390 02c6
08fedb9b e2f1
e495a58a 13e3
788d4a57 fed8
57b5b16f f980
2f1d6289 f19a
5edfde4c fab7
300a62f5 f1d6
1aac983b ebdb
73b8cc76 fe0e
f39b0597 1a94
1a39bc4a ebae
bf052334 0a9f
b8b85c42 0962
785b131e fece
b17cd1b8 0810
782f3608 fec4
87cab35f 013c
243222f4 eecb
2b531657 f0b3
2f2e8de6 f19a
3b790c6d f448
de3a34f1 11d9
bb08356d 09da
2c49fa05 f0f1
2373b93a ee95
89092384 016e
36774b4a f33b
23e92ff9 eeba
44567560 f60e
5d831e01 fa82
0df6180e e650
a2aedce8 0588
813a759c 002d
17a16658 eac5
39df12df f3f8
b4c1d55f 08b1
57f4c29f f98b
1bdb68eb ec48
6ae7433d fcab
a22cbe78 0573
f0ddd3cb 1900
43ff4546 f5f5
b29b2627 084a
b5b0ac1a 08d4
b9d951bb 099e
1c9e9401 ec87
caf1d437 0d0a
a2f8b8c1 0593
2727d27d ef9c
e24f6401 1325
82f8c8cc 0073
9334f15c 0304
53d6728d f8db
b50eb3d6 08bd
ecdc8559 1711
5e9f542d faad
8c6ffbb2 01f2
83d771e8 009b
6e6749d9 fd3a
5322e629 f8ba
2b5a8bab f0b3
ab928e1a 070f
5be0cd73 fa38
de89ce2b 11ff
940dd7e5 032c
09272b48 e324
7f890341 fff1
0b80042b e4f1
ede7fae6 1785
d1af7c73 0e93
a025a4f9 051e
a60baeec 061e
1344b10f e90b
dbbcf94e 1123
dd6d4278 11a1
443183eb f602
d40a513a 0f2e
633a30bb fb6a
1282255d e8b6
10ef01d6 e7e4
47bc6142 f6aa
49048cf3 f6f1
c26b78d9 0b44
0d4af097 e606
44cc6512 f626
1c5f34fa ec72
513ed82f f861
fe4b8941 27e0
f55d1977 1bbc
8a5678aa 01a1
ca8fcf5a 0cfd
468f1c00 f67a
8ab02b3a 01ab
9e81a0ef 04df
41371163 f56e
42c96332 f5c4
a42b6e76 05c8
e64cc3d8 147f
7c24f910 ff65
66537193 fbf1
a078fb94 0529
793ed4d2 feec
07d02836 e216
ebbdfe13 1686
0afce6e4 e470
5fdf754b fae2
4ff581ad f828
37ec7dc1 f38d
b11d74cc 0805
cdc0b1e6 0db5
c574ed48 0be0
8761ecc1 0128
f34f1bca 1a6d
eb5feed2 166c
d1f77b55 0ea3
f30e2108 1a46
c609dc66 0c08
277ea497 efad
c59af755 0bed
9e191ef3 04ca
a03dc608 051e
e66f13e7 147f
81405f51 0037
84696b26 00b0
a24c686a 057e
ee96be3d 17df
613adebf fb16
e6604e0a 147f
46de88de f686
373afd3b f364
b6692b13 08f7
25ea0c4c ef47
307c27b1 f1e4
affe8f16 07cc
91e113be 02d1
fe55eb54 27e0
7ee038d5 ffd3
cae04560 0d0a
e3346c39 1364
69b3097b fc77
a73a3ab6 064a
a06ac3a8 0529
b8124c33 094a
a0e2830c 053e
5e85bed6 faad
69d6e22a fc82
c0b2fb55 0aea
4cac90c5 f794
001fc4d4 cb3f
4b422732 f75a
4ae2b4e5 f743
040f833c ddbc
a04d651e 0529
9612f5b4 037e
87cb1b15 013c
065c18e2 e09d
f211fd19 19b0
ef1df3c2 181c
efda4889 187c
ba9afbbf 09c2
88582c36 0150
bcda532d 0a2f
67c681d5 fc2f
d5583216 0f7d
7add1c2d ff32
2127826f edef
3ea18ab2 f4f0
c9e81d20 0cd3
adb993d7 0767
b7a7c929 0932
58ab2f9c f9ac
94de1127 034b
4eb4f64b f7f0
c019e45d 0ad1
1c9d52a8 ec87
3d16d37a f4a3
3005ebfc f1d6
227781c2 ee4c
08d8f277 e2f1
de994625 11ff
df2d6095 1224
11d5b48c e85e
7baa807a ff50
5e981265 faad
d54b8b6d 0f7d
97b6d6e5 03bc
619b6985 fb2b
b81c35a7 094a
cf8f8187 0e1c
d4681067 0f3e
bc5c782c 0a17
c163095c 0b10
57430cea f975
792a269c feec
2f034d05 f19a
e00b3ba7 1272
6aaad658 fca0
5e9fd263 faad
89212e43 016e
490bd767 f6f1
3a87cd7f f420
5c2ffc09 fa42
e3f36b61 13a3
087a2fd2 e286
6a20bd77 fc8c
b8ca3d5c 096e
f75ddfdd 1d44
679317a5 fc25
b39c4d54 0878
78807182 fed8
8c251f66 01e7
899d7eb2 0183
c7f9dace 0c65
edbc8c24 1767
26b7d7c2 ef7a
29a5146c f042
3051b6ab f1e4
4567a9b9 f63e
c11d1869 0b04
f58ae966 1bea
a17361d0 0553
7fff0d18 fffb
c579c0c0 0be0
e92f83ea 1584
678366c7 fc25
d214205d 0eb2
3cc21ea9 f496
40b92c38 f555
33ebccae f2af
e2a4e38e 133a
42c812ee f5c4
cbba27b0 0d35
beb2936c 0a86
656a1c7d fbc8
d8ee24b8 1064
3dd5d752 f4c9
2b1cc1e5 f0a3
ce855f1f 0de1
d0014bf6 0e39
42bce974 f5b8
b0f0616d 07fa
fa5b1293 203c
d5921329 0f8d
80de6519 0023
c404b268 0b9e
276c52b9 efad
5ef76f57 fab7
19b38f0d eb81
0cc91b95 e5ba
ee7dde83 17c0
e7d5132a 150b
77ab6654 feb0
813e7577 002d
adebc19a 0773
247e5cf9 eedd
124cfcb5 e899
1ef7d22e ed40
45d15607 f656
2e468420 f16d
3ae4ff12 f42d
3dc07d07 f4c9
6174c23f fb21
e97dfc4f 159d
b2257dd0 0833
a6d829c4 063f
0ecc94d3 e6de
be39041b 0a6d
640fc5a8 fb94
b06760bc 07e3
c29ac16b 0b50
f86a2dd4 1e25
14088e4f e95e
2aeef64c f093
36c93fe0 f356
e91d9857 1584
bbfb2532 09fe
a0d94d3c 053e
448c88e9 f61a
c8cf1bfc 0c9c
70e3e53e fd9f
86bf8790 010a
a7541620 0654
0dd67265 e650
a3c5bd5d 05be
18d718bb eb3c
9e28ef13 04ca
5709a6c6 f96a
7c4d1fc4 ff6f
42fd48e6 f5c4
509ef74b f84a
05fa0bc6 e00f
18a6b202 eb25
67b3fab1 fc25
9091fc7c 029e
6608a459 fbe7
9674a2dd 0389
56a2ef88 f954
070f498a e162
36127afc f32d
5342786c f8c5
2fbda239 f1b8
0a3c0a9d e3e8
fe1a1a78 270e
2fcf5d43 f1c7
6b02ee20 fcb5
7a2340bf ff14
368108f4 f349
a3179265 059e
b247eb45 083e
f7133cbf 1d0f
28490950 eff0
b3967c2c 0878
634e31db fb75
a6210cc8 061e
5f1c2cb0 fac2
6c3a0918 fcde
94221c08 032c
ce985a3c 0de1
017a1e72 d72f
a53db30f 05f3
d98ac607 1097
5d9105c5 fa82
e5010c2e 140f
181232fa eaf5
ef0e3a16 181c
be476cf2 0a79
8c9dcf29 01fc
ae63297d 0789
f943036a 1f1f
a63812f1 061e
ac6cdb6e 0730
1df70481 ecef
e8886db3 1553
2598179a ef35
11a51a95 e840
9444357d 0337
b0433c1b 07e3
73107a32 fdfa
1e1747e8 ed03
aca74220 073b
87edf43a 013c
338910c0 f2a1
6a09e11f fc8c
eab1daec 161c
ba56bfc9 09b6
6041d2c9 faf7
ee40431a 17c0
55648d4b f91e
431388fa f5d1
71cd9c6e fdc8
f8cc3427 1e9e
c69edf9e 0c22
ddab2dab 11b4
28bb16f2 f001
c44841a7 0bab
9ea288a0 04df
152a3046 e9c9
a961e636 06ac
9657707f 0389
e76f20d0 14db
655160c2 fbc8
6b3642e2 fcb5
80bf941e 0019
d3ef5f65 0f1e
9b903391 0462
b66a9b8d 08f7
cb0c827e 0d18
8041f08a 000f
3be01234 f462
9a63b40b 042e
ae693399 0789
bf54c925 0aab
76c383f7 fe92
2b8e6981 f0c2
05fc6fcf e00f
c625e1e5 0c08
6f02c0d5 fd58
51846015 f877
ede02ffc 1785
1299e060 e8b6
fb70decd 2187
2a12f9b1 f063
134bf158 e90b
9c31b99b 0477
e81ec74c 1523
ef49f025 183c
6ef9b5df fd4e
e4108617 13b8
c3a34690 0b84
8f256c18 0261
f11d2e97 1922
c106a72c 0b04
841a5e21 00a5
12a75b0b e8b6
ecc85a61 1711
c1b4b033 0b1d
3999d321 f3eb
47286d4d f692
edff920f 1785
7c623c8b ff6f
ebe4b49e 16a2
8a645abb 01a1
214c99e5 ee01
c2286fa8 0b37
538a260e f8d0
96e09669 039d
a5b4c366 0609
3ea40b44 f4f0
bd8450ec 0a54
33fbe3b4 f2af
8abb2abb 01ab
58dab920 f9b6
5df36e0a fa8d
3ad7b553 f42d
a5c21300 0614
7bf3fa60 ff5b
69aea108 fc77
4e7b626f f7e4
d277a858 0ec1
abe8d258 071a
ed5713e1 174a
0c173217 e544
f0cd1259 1900
4854026f f6ce
05f6d4b3 e00f
dc7f4073 1158
4ec8bca2 f7fb
59e05ab6 f9e2
65312d68 fbbd
c1d545dd 0b2a
e5a0ecfe 143b
923ca3df 02db
614c42ee fb21
e38a9fd5 138e
fe0d16c1 270e
52ff0ffc f8af
9351731d 030e
76f67647 fe92
eb6eb731 166c
0421d687 ddbc
8bf1afef 01dd
17c5d2d1 eadd
fb82c736 21e3
8cdd0741 0206
d503a865 0f6d
a9ff3d6b 06c1
22173661 ee3a
c4bafdfe 0bb8
83b6a28f 0091
7ef67327 ffd3
116c7ee4 e821
86427441 0100
1061edb6 e7a5
c0fc89c3 0af7
e85cc6c9 153b
dad4d5ee 10ee
3a494003 f413
6aa594f6 fca0
8427e52c 00a5
55fff662 f934
d334beaa 0eef
94ad925b 0341
9e2095e3 04ca
776c8b66 fea6
986ca0a4 03db
210b013b edef
cad1f9e0 0d0a
dae88eb7 10ee
72a88b65 fde6
7a54edd4 ff1e
df8d0bc7 124b
a96fc9d7 06ac
099db03b e388
542f4a85 f8e6
e760661b 14db
42ccb639 f5c4
e65722c9 147f
1c4f7691 ec72
636744ee fb75
e43e02a5 13b8
1dde0ae0 ecef
eea30007 17df
3b761aa7 f448
cc82d09a 0d6d
784b3940 fece
f10804ca 1922
8ca0c18f 01fc
e87d1912 153b
b70b639f 091b
190d2553 eb53
944b0666 0337
87a4dd3b 0132
e3df996a 13a3
b13ed014 0805
6bb9e52a fcc9
5bfb9985 fa38
7ab148b7 ff28
50f43988 f855
b2cbdae5 0855
8ae43131 01b5
a21cf59d 0573
31206c18 f211
48937d35 f6d9
815d7107 0037
e85b4b57 153b
55b6ce07 f929
21a111a1 ee14
3e46ff41 f4e3
4ea7b8fe f7f0
4257493b f5ac
aa029904 06cc
3ab5971c f420
27b118ef efbe
32705983 f259
a6c5356e 063f
b4f717ed 08b1
9da6b986 04b5
3d944e71 f4bc
996442c8 0404
279771ed efbe
19aa1153 eb81
330e0ade f284
cffecefa 0e2a
23b8d9ef eea8
f817a9b5 1dea
f34ab0e8 1a6d
d77e5731 0fff
954beb20 0360
0434acec ddbc
bfbd0863 0ab8
ee168952 17a2
7eaf8959 ffc9
34969039 f2d9
45d18104 f656
502785d2 f834
baa958d2 09c2
c98c7413 0cc5
a28283de 0588
3f3fe8ae f509
b87d55a1 0956
fef1e450 29ec
2454d71e eedd
ad0d49cc 0751
504c3867 f83f
0cc23316 e5ba
1b66ab07 ec1d
b6d38292 090f
3ed57409 f4fc
d3d693b3 0f1e
57cc91cf f98b
c05d2640 0ade
06f3f734 e122
373950b6 f364
ef53715e 183c
be84c501 0a86
4a9427a7 f737
77a07e5f feb0
5c4935de fa4d
473cd74f f692
cd47487b 0d98
00c65753 d4b9
1914d019 eb53
9df9d2b5 04c0
61c7955e fb36
244009e2 eedd
69d2324f fc82
ca9049e1 0cfd
49be4c15 f709
34fe4af8 f2e8
9e30b5b8 04ca
9f16dc7f 04f4
9aae4d61 0438
07d197be e216
3a9abd05 f420
c8eaa631 0c9c
364949c0 f33b
83fa9f21 009b
49b32de5 f709
97f47def 03c6
c3b7b66d 0b84
f9442e40 1f1f
6d78a289 fd11
c28acba0 0b50
a7d4dba8 066a
b86ecf16 0956
327718b5 f259
8b77718d 01c9
60a759e6 fb01
9080d29f 029e
6c7ee38d fce8
bdbc7797 0a54
8d1d90a4 0210
e40593de 13b8
bc81a9af 0a23
38c3f730 f3c3
be070d73 0a6d
eab6e34f 161c
c6dadbf1 0c30
ff723457 2d09
5e1a795e fa97
d62ea523 0fae
9d813e5f 04b5
33ebca5c f2af
bec37a31 0a92
f7867133 1d7a
1dcd055f ecef
9451a5b3 0337
7a8d8f93 ff28
01f8f226 d8f2
969d80bb 0393
7c67b2fd ff6f
463af241 f662
a9e845db 06c1
84a2b0e6 00ba
69b7110c fc77
cfc97ff0 0e2a
008268aa d2f7
dd464a9e 11a1
d0441cdb 0e48
90b338af 029e
884b3fb3 0150
045d0746 de1d
591643c4 f9c1
9e454096 04d5
f5de4b82 1c18
a0ea605d 053e
b67b86ae 08f7
5af4f141 fa0d
9211c875 02db
31fee224 f23c
e2ab5709 133a
6ff97bd6 fd77
692b8995 fc63
e8fa933f 156b
41871bf5 f587
bf3c13e7 0a9f
db71eb3a 1111
420e88ce f59f
8a7b37a8 01a1
0dcbe2be e650
8fc98af2 027f
e2f381ba 134f
76f64688 fe92
ac8c6c6c 073b
e17d002e 12d4
27eb036c efcf
e33e9d8f 1364
0ed7c2e5 e6de
9d51f84f 04ab
96c6b716 039d
d9274776 1075
f6434984 1c78
def02a91 1211
c6c5fdf7 0c30
3d6cb8c1 f4b0
672da852 fc10
3d4d94c2 f4b0
8550e507 00d8
b0c67a07 07fa
611e9875 fb16
be96c7ee 0a86
1cb47f5b ec87
393e1b53 f3d0
4780bea4 f6aa
aafe907f 06ed
2cfcf39f f111
ffb25110 2f9a
16106195 ea31
eeb7009d 17df
a8e329a2 0696
0f3b1bc2 e700
0f912ded e743
29f69523 f052
dd64d419 11a1
563d5644 f93f
5a44aa52 f9f7
150ee076 e9c9
c5a4d785 0bed
10dc45c0 e7e4
43b2f356 f5e9
725d51f7 fddc
b56e79c9 08c9
03e6ca1e dd56
370f4441 f364
f0b171f0 18de
37656320 f372
e94495da 159d
f09c817d 18de
f01e352c 189c
6268b6f7 fb4b
db8a5eae 1123
db78047e 1111
9f30b841 04f4
994ad545 0404
ddbc68d9 11b4
790ab8af feec
92f61971 02f9
bfad6930 0ab8
9c7b9bb9 0481
bcc4e44e 0a2f
96c135e8 039d
080cba0b e24e
05a8e651 dfc4
624e8870 fb4b
34f2c109 f2e8
425d6a5f f5ac
f5494700 1bbc
1fed3771 ed8e
825e292f 005f
77d7a7cd feba
33835e05 f2a1
9710c33b 03a8
85a0da38 00e2
b63acc03 08ec
3b3a010f f43b
237421e5 ee95
3d7ce74a f4b0
c85bc2f8 0c81
772dcc2d fe9c
0e99b0d9 e6bb
7d34fc69 ff8d
e0c99b08 12ad
fbb01738 21e3
03a4d402 dcea
b9707c9b 0986
cc345c19 0d51
e93084af 1584
e6277fea 1468
b1b732f6 081c
b2b03ad7 084a
d5f12c62 0f9d
a714f864 064a
9ab08ffc 0438
46d5ab72 f686
6b1eb762 fcb5
0f2af4d2 e700
fb17ab4e 212f
704f166c fd8b
80d09544 0023
0731fd82 e162
d6c2d5ec 0fde
1afc6158 ebf1
75c4c67f fe69
4275cd24 f5ac
b2eb197e 0855
7378804b fe04
f46e1847 1b0f
58b95577 f9ac
589d930d f9ac
6fed86d1 fd77
4219f1a1 f59f
bfcda854 0ac4
e010bc96 1272
3ce03b73 f496
b7acd24b 0932
6fc8e15d fd77
fe69c4ec 27e0
6247a58f fb4b
03a40a6d dcea
aec8e537 079f
8e832597 024d
8c9bf78e 01fc
1373941f e90b
6c7fa9cb fce8
4b7630b4 f75a
336f6bae f293
6a1493f0 fc8c
1cc43ea7 ec9c
0d2d14e1 e5e1
3eac8eaf f4f0
9a5866b4 042e
91008199 02b2
fb03e61e 212f
b9959246 0992
d0c0cea6 0e66
77bcabba feb0
5810bf96 f996
41524a33 f57a
919d6753 02c6
911cde7a 02b2
d755db8a 0fff
a7fd1196 066a
9f787cda 04ff
4696b3ac f67a
97475620 03b2
5737d874 f96a
4f94beed f81d
302ddf44 f1d6
fefa6abc 29ec
4d9dfc10 f7c2
1fd38f57 ed8e
822a18d7 0055
8493c11a 00ba
44e0a345 f626
6e65e53a fd3a
45056716 f632
f385e8fb 1a94
45a0e1ba f64a
e079f0f0 1285
c0ebded3 0af7
55fee9b4 f934
32b72d96 f268
eb4acaa1 166c
2158d61e ee01
b9cd914e 099e
34a50af5 f2d9
6d2b10c4 fd07
47285414 f692
16a38ce3 ea63
75ac2210 fe5f
4c8b51c2 f794
f22f5e5f 19b0
6ddc79c1 fd25
93d28b96 0322
dd195bb3 118f
02861e43 daee
6e5ab64b fd3a
68ac116e fc4e
41f85c93 f593
985c9098 03db
94598326 0337
6a7a84a4 fc96
d8675552 1042
9698a436 0393
f001cb95 189c
8c7c64ce 01f2
fed9e594 29ec
d8007409 1031
8885b08f 015a
6cc7f805 fcfc
69707972 fc6d
3f533cc3 f516
07d97a8c e216
5b26f802 fa17
d02eef8b 0e39
7b0cfbbe ff3c
1beb2945 ec48
08e3f748 e2f1
7f39a391 ffdd
5f491d92 facc
c0bdbe38 0aea
3abeda74 f420
0813d57c e24e
43970ca9 f5e9
d760e95d 0fff
4890118e f6d9
7edbb2bb ffd3
043fb772 ddbc
6decff07 fd25
6d34ee4d fd07
763e78f8 fe73
c202403c 0b37
1d12a4f9 ecb1
175cb0af eaad
121ebb7b e87b
b12a4656 0805
fa58d5a4 203c
4f093f14 f806
2cf1bcde f111
a69657ff 0634
624b65de fb4b
8566821f 00d8
08d01728 e2f1
38115f88 f39b
00829cd2 d2f7
f0036453 189c
df06bcc5 1224
a03fb369 051e
2573ffd2 ef24
97b5d364 03bc
0c7cf418 e56c
87fbf9f4 013c
5c381076 fa42
7a8a92b6 ff28
a48c390a 05de
9141e8f9 02bc
d9127c09 1075
753245e9 fe4b
8e970c43 024d
6a907d24 fca0
d3538797 0eff
bd259732 0a3c
5467b4ed f8f1
aeaf15d4 0794
2fec1f14 f1c7
f759d06d 1d44
64e07b95 fbb3
6eeca1da fd4e
f70ebb2f 1d0f
68581a7d fc44
1c04f2c3 ec5d
cf269d84 0dfe
b1e2984e 0827
600e75a7 faec
5435d157 f8e6
ea710300 1602
0fef8e89 e764
95f4b9b0 0374
9a7e0513 042e
8199c551 0041
d860130f 1042
a3bdc232 05b3
4d7b564b f7b6
3bec05f2 f462
722cc78b fdd2
64fe0124 fbb3
bbd51110 09fe
0964592b e357
16b67c79 ea63
bedd6f3c 0a92
04c35b45 ded1
13c8c3d3 e943
098d7f87 e388
ca9f0d7d 0cfd
6464533f fb9e
c30b3e3f 0b6a
ffdda0e6 34c1
56bd78eb f954
c2d8521e 0b5d
bca3ee7d 0a23
e3b70f76 138e
26785b2a ef69
9baec7c7 0462
77eacea4 feba
a1ed8793 0569
c43842d8 0b9e
2aa67194 f083
af13d9fd 07ab
360405ee f32d
40dce0ac f561
68dc9560 fc58
3c7cde18 f47c
afe2a880 07cc
03c658b1 dd56
2873b17f eff0
b12e4c69 0805
c21f663d 0b37
ea89971f 161c
b3c780c5 0883
df77f708 1238
2397ec89 eea8
74fca95e fe41
81084d90 002d
db3da890 10ff
5dc7c225 fa8d
29a8068e f042
9c2a0f87 0477
334072e9 f293
99fd7a82 0419
74fbbf0e fe41
f0eadad2 1900
148b5bcf e994
b82d85f3 094a
9c4aa803 0481
13c94ee9 e943
c0f4a80e 0af7
031528d8 dbfe
fa470ab8 203c
26357e98 ef58
1e9da5e9 ed2c
32fcb37f f276
88d06feb 0164
4ca59edb f794
c9a4b2e4 0cc5
025f302f da55
bac5250d 09ce
9927e27f 03fa
900920f5 0289
af273421 07ab
2e732501 f16d
cc1d3805 0d51
557f9481 f91e
982c7935 03d1
e09dad41 1299
cda8b637 0da7
56b1fb83 f954
521f08c3 f88d
d355ee04 0eff
46fac06f f686
de2486d3 11d9
f49893fe 1b39
7d2b3e96 ff8d
fa9eca7c 208a
87b027aa 0132
23e2e09b eeba
dabf28b7 10dc
0f31d293 e700
6e3ccefa fd2f
359cf8d8 f311
74c76904 fe41
cd2d82f4 0d8a
78cd8de7 fee2
17fc4c47 eadd
df91eca9 124b
64007c38 fb94
eb81ece6 1686
517bf14a f86c
b4c69a4a 08b1
c42afaf6 0b9e
b8f7b511 096e
795acfea fef6
c67b8f16 0c15
42c9284c f5c4
39cf3a1c f3f8
c8f9c2f5 0c9c
33025750 f284
7e8d6553 ffc9
5540116b f91e
7be89a1b ff5b
f1f8435c 198c
2988ce52 f042
98b5d181 03e5
3de37f0f f4c9
23852cef eea8
8a7a6e85 01a1
3542453a f303
2ad9488c f093
d676703c 0fbe
39d1b90d f3f8
6e892f69 fd44
5e6ca6d0 faa2
1d8d9302 ecdb
839b8117 0091
55002438 f913
17288688 ea95
3cae34fb f489
0ed5f3fc e6de
a659843a 0629
4d3a77bf f7ab
8e182b02 0238
9ec72b8a 04ea
63997f5d fb7f
dcb57ea9 116b
18c972a7 eb3c
68d29346 fc58
5a821848 fa02
6b6656fd fcbf
9a65b547 042e
226558d2 ee4c
fb4994bf 2187
edd68387 1785
bed65803 0a92
73c93d05 fe19
82111bd5 0055
73f56584 fe19
2a85abeb f083
b02b8baf 07d8
36451755 f33b
e4ca05ef 13f9
3c443425 f47c
fef2853d 29ec
7892c8d5 fed8
cc8a7b68 0d6d
8ef75d4d 0257
e95f255e 159d
c4e52e00 0bc5
5caec16a fa58
55f6a0e9 f934
ea8c4724 161c
9424fd02 032c
46b9f6d3 f67a
ecb942b2 16f5
b9ed8fea 099e
111ce32e e803
85defcda 00ec
39c197b2 f3f8
b95e984d 0986
276eafaf efad
3428ae54 f2bd
02d64d0e db7b
93e4adad 0322
6440e96c fb9e
00f2f2cc d4b9
2d00c269 f120
3bf2f986 f462
fbbf67e3 21e3
9ea6cd55 04df
0d8f265b e62c
0b8c9336 e4f1
c67fb4b2 0c15
75ad43aa fe5f
2687e550 ef7a
a6912512 0634
739718c4 fe0e
714031bf fdb3
0a4a6c61 e416
486cc20a f6ce
26093d8b ef58
f9c71410 1fa9
34e476f5 f2e8
60d9756d fb0c
6acd836d fcab
c96adf3a 0cb7
165be411 ea4a
b166d1e5 0810
db1ce89b 10ff
8d5791fd 021a
6fc9dd00 fd77
12721650 e899
79c0d61f ff0a
47e10afe f6b6
2a8c7d9f f083
d823d953 1031
6b7b9f82 fcbf
3536a141 f2f6
a48123fd 05de
fc75ad4d 2316
5cc174d3 fa62
9e86909f 04df
73f32c95 fe19
efa4bb1e 185b
6c520b92 fce8
69be3be8 fc77
4a7f4668 f72c
e89b50ed 1553
f2a029f8 19fa
64a5d0ac fba9
07dec708 e216
39860aa4 f3eb
d0dc0b02 0e66
271d5a7c ef9c
71c92716 fdc8
b45fdf8a 089a
e5b0c22e 143b
35c1a576 f31f
54e184b5 f908
43cdf7ae f5f5
b8105201 094a
6e79e107 fd3a
854eb39c 00d8
60c3508b fb0c
0a452bb9 e416
d7827e69 1010
2e389c50 f15d
68f18cf0 fc58
108d6fa5 e7c4
3e0faeaa f4d6
428f1525 f5b8
8f6a8aaf 026b
5928c22e f9c1
defc8be9 1211
16d63ce0 ea7c
b4fd0bd6 08b1
4f4124e6 f812
7d28bb7f ff8d
ab57862b 0703
f9098aae 1ede
673d8fd5 fc10
2d262dca f120
1f8842d8 ed7b
92dd5454 02f9
9fc1b53b 0514
7c436fa5 ff6f
f2784786 19d4
de38da15 11d9
2a2a2ffb f063
d5de816f 0f9d
89ab2023 0183
f79424a2 1d7a
fc0c563f 22aa
f246c8ea 19d4
5e4b72f4 faa2
7720b61a fe9c
bb6f813d 09e6
d5069cd3 0f6d
8146d2a1 0037
e4e8b2dc 13f9
657f6c55 fbc8
e311582b 1364
30ea68ee f202
b6bc44f0 0903
bbdf9739 09fe
f7b6eac8 1d7a
a8ff8471 0696
f098c257 18de
8b1dca90 01bf
a10dafc1 0549
7f23cffb ffdd
9f512964 04ff
9786003a 03bc
a150651a 0553
f6de6870 1cdc
e36cf540 1379
e67a2957 147f
f894a5af 1e61
08a6f4b2 e2bc
00d34658 d4b9
18805a01 eb25
7b47146d ff46
77a9835a feb0
5465c595 f8f1
34acbd47 f2d9
19bf7b8b eb81
fd42acac 2512
53780bf1 f8c5
bf06d797 0a9f
3c924701 f489
e7133557 14c4
1ea0cba3 ed2c
bd9badba 0a54
a065f8d8 0529
10f5b9a3 e7e4
081d2802 e24e
64010a13 fb94
8acb5b67 01b5
b18b6e0d 081c
385e2193 f3a8
2f6480be f1a9
0ef0356d e6de
b0439c7f 07e3
0a74e675 e416
6d6061d3 fd11
0c154ff8 e544
da2225a4 10b9
168b4c05 ea63
6c00700d fcde
1aec23b3 ebf1
44c1c8d6 f626
3e1f1b1e f4d6
624a60e7 fb4b
486b2914 f6ce
861ebdf4 00f6
bf06cb66 0a9f
af0f760c 07ab
79507fc2 fef6
c4969119 0bb8
01776632 d72f
b2ba0c4f 084a
bcc94d60 0a2f
2e6a2073 f16d
cc63c77f 0d5f
d21d393e 0eb2
fc4215d3 2316
2c6208a0 f0f1
9ee690e2 04ea
b6ef0e54 090f
828fa4f3 0069
9bc7cd78 046c
2d24a7f0 f120
583848b4 f996
a3df0a01 05be
e8d474f0 156b
0b639306 e4c7
9bd2722e 046c
adb291da 0767
41206815 f56e
8733ff5f 011e
25de9f71 ef47
89e3a3f5 018d
fa54aa9c 203c
1a017351 ebae
6c641fac fce8
a7607fa2 0654
3b98c0a3 f455
36bcfe74 f349
6d3f47c8 fd07
4a3a69c6 f720
efaddba0 185b
e268c405 1325
9e2df1ae 04ca
12309e8a e87b
0e91fa55 e6bb
d1141708 0e75
322aeac9 f24b
3e4f001f f4e3
a2fbf287 0593
6e6b0862 fd3a
f88bedc4 1e61
3bf78adc f462
676b92db fc1b
256ae24f ef24
8bbc3d2d 01d3
0d7dc045 e606
dd5d8827 11a1
0ff1d29c e764
c67b26d6 0c15
72b8061a fde6
47d9b877 f6b6
1acb097b ebf1
926e9b59 02e5
7744d305 fea6
0a878a68 e444
9824cd98 03d1
f8b36880 1e61
c3535b3b 0b77
597b8eb1 f9cc
e2b82d1a 133a
ac5ebaa0 0730
57024cbe f96a
4a694141 f72c
dfae9949 124b
465f478e f66e
6c08087f fcde
83e509a5 009b
9bbe7e5c 0462
9c1c2717 0477
046db52e de1d
9284d0d1 02ef
778d9742 feb0
0b25d7b7 e49c
2ea68523 f17c
3f232d2c f509
5c5712bc fa4d
33952b95 f2a1
b861bc08 0956
8b39fe3c 01bf
c582a699 0bed
1f75349a ed67
200ae234 eda2
447ff8e6 f60e
afb57094 07c1
a5adf2c3 0609
8ee90f33 0257
64d7b6a2 fbb3
3cf3f06d f496
72c01bd6 fdf0
33971a68 f2a1
2fa0d5ad f1b8
bd8f6c42 0a54
829036ad 0069
5361ee87 f8c5
7273c4e3 fddc
569ca0cd f954
8d377b5c 0210
ac861589 073b
4e830f6d f7f0
4cbcb57b f794
e3e97e96 13a3
720e5804 fdd2
5ec30abe fab7
d5b7c84d 0f8d
f470a1e7 1b0f
81b28c5b 0041
2de3da4d f14e
b68609f5 0903
d06eef71 0e48
f7818048 1d7a
ac840aa2 073b
2eb6de0c f17c
004b17ef d066
4a2ebbe4 f720
3c72a1e8 f47c
6bbdabec fcc9
5ad8378e fa0d
a0673bf5 0529
4bd7dd63 f771
85091107 00ce
127d1cae e899
5ffff01e fae2
497a2d7e f6fd
01fe43c4 d8f2
fabc0426 208a
f1ce9c21 198c
800d967f 0005
3a28e9ab f406
6805cc46 fc3a
3448b113 f2cb
e92884ee 1584
4689190f f67a
41605302 f57a
e5ae7a08 143b
222440ac ee3a
38027c70 f39b
9721809d 03a8
eb32b88a 1651
8b418019 01c9
4fe1cb11 f828
bd060b61 0a3c
93498907 030e
3a53da6f f413
c8bf7a49 0c8e
b6052270 08ec
ea0d8ca4 15e9
66d601cf fc06
7efb9d32 ffd3
cdcd6065 0db5
1611ed85 ea31
4b82a503 f766
183d5e79 eaf5
72284091 fdd2
a1eb40d9 0569
0eada8a8 e6bb
4ab60ae4 f737
10e457bc e7e4
024a60bd da55
e5e62269 1452
8a48993b 01a1
91981f52 02c6
db9bb435 1123
9bf82eef 046c
883476d8 0146
0423f1fe ddbc
8229777a 0055
fbecace1 2244
66ed2e8d fc06
8fb62ad4 0275
71d72651 fdc8
34d12335 f2e8
5ff61e34 fae2
d81f07c8 1031
09b3d264 e388
971fcec9 03a8
d21d40af 0eb2
c866a1d7 0c81
93dea351 0322
104cb8d0 e7a5
0f7d2f61 e722
f469751b 1b0f
d32743cf 0eef
773b1f63 fe9c
e12a0330 12c0
b9c5c5e8 099e
dc105d19 1146
13a4444f e927
73ed6e38 fe19
f5d17b6c 1c18
ad87962e 0767
0995a02d e388
acd224a7 0746
66459435 fbf1
80de710e 0023
8a865edc 01ab
37fdd567 f38d
f9dfc6aa 1fa9
c39f8ce8 0b84
86c03bfe 0114
0790f7b1 e1db
a9901e46 06b7
95edeb14 0374
6277d281 fb4b
5c28f8d6 fa42
f498cd50 1b39
7a538f9e ff1e
69e4180a fc82
f8bd668e 1e61
3757238d f372
898123d6 0183
6a8d1cfb fca0
8fc0f293 027f
88a15d86 015a
95103d15 0355
a060da07 0529
10225f14 e784
1b22b099 ec07
872974e0 011e
a19597c8 055e
660969d3 fbe7
678a9f35 fc25
94e9a201 034b
72461f99 fddc
1618e1ee ea31
dfa7fca6 124b
e5d33f6e 1452
9c7c89f8 0481
386905a2 f3a8
bae8f249 09ce
1b83aa03 ec32
c8097395 0c73
e1b2fbaa 12e8
6d67d5e6 fd11
cec8da50 0def
b778a290 0927
0e290157 e674
dc815c98 116b
940cbc7c 032c
b02b19c2 07d8
bf5417ec 0aab
075b987a e19f
8208331a 0055
2682f251 ef7a
44758838 f60e
5f7934af facc
af7300eb 07b6
b56bb64e 08c9
07e142d3 e216
95d2042c 0374
c5f80fb6 0bfa
683d014b fc3a
7b8b641a ff50
41407820 f57a
3593237e f311
4a6839fe f72c
0065b4d4 d066
323d7229 f24b
27d49ffb efcf
18b2e04f eb25
a325934d 059e
5dd6f6e3 fa8d
04dc4340 ded1
8909cd9f 016e
48e263f7 f6e5
3109a2f8 f211
50ebac5d f855
b17fdcf6 0810
703435d2 fd81
b71d7a2d 091b
4164650a f57a
7a876a36 ff28
0233855f d9ac
ebcbaf8b 16a2
8e65530a 0242
9c7df279 0481
584ededa f9a1
96ee8acf 039d
c0977be5 0aea
111ce24d e803
cf8cee7e 0e1c
bf3a4b63 0a9f
f3ce8376 1abc
f74e34e4 1d44
90565007 0294
afd7c2b6 07cc
5e13540a fa97
82b2e416 0069
9b012f56 044d
d7bcb821 1010
38d03c01 f3c3
5562097c f91e
6c4fa5fe fce8
b8d1ace9 096e
6129ead9 fb16
889ba4a4 015a
c606b9d9 0c08
17927b5b eac5
b6ba1866 0903
45c0121b f656
11734191 e821
36ec83bf f356
d4a889c0 0f4d
8eda8332 0257
ab08ef1e 06f8
d383ba23 0f0f
d359e596 0eff
13619425 e90b
082e058a e24e
037aa967 dc78
b1db34da 0827
48eee1a8 f6e5
9a6ada41 042e
a7194589 064a
c3fe801a 0b91
79d74f96 ff0a
7f26dae8 ffdd
fe17e495 270e
47e79870 f6b6
85719d11 00d8
f1b6b019 1968
48e369d3 f6e5
7f35ddf3 ffdd
566487fc f949
0f692fc5 e722
4968deb4 f6fd
5866ad1f f9a1
d9b56bc3 1097
0e4d6030 e698
d68f1edf 0fce
edb94956 1767
7c41d6c3 ff6f
082b5b49 e24e
eb17c126 1651
bd0854de 0a3c
4c1a9730 f77d
2a088b4e f063
fd5d212d 2512
100b0644 e784
dcd3be06 117d
02443d3e da55
40f0ae44 f561
b59fdb52 08d4
7300eb4f fdfa
43405ae3 f5dd
6cf78b11 fcfc
4404f6c4 f602
99ce29e1 0419
747664a1 fe2d
ff909f43 2f9a
599df843 f9d7
160b44d3 ea31
41c09231 f593
c2bb6383 0b50
b68aaa45 0903
a2abd4b7 0588
b1dd4bbd 0827
6713fa17 fc10
8a672390 01a1
40b5439c f555
d3699270 0eff
b46b8f9b 089a
e5c78244 1452
6dbc6779 fd1b
5ff18656 fae2
09d0b446 e3b8
f5c2a4b1 1c18
bae7a949 09ce
171cfa68 ea95
0436a1c0 ddbc
4868be5d f6ce
b392c3df 0878
dd560d4d 11a1
51e1351a f882
1bdcabd1 ec48
012389df d614
aa4a7b3b 06d7
02c12b39 db7b
e647bb9a 147f
311fbaa4 f211
4c4743ae f788
3026e250 f1d6
fb2b76af 212f
bdd2855f 0a61
1a0a2ce2 ebae
9976a2f1 0404
60fbba79 fb0c
db98d321 1123
a9303cb3 06a1
7f641834 ffe7
872277fd 011e
1b2e5eba ec07
0c06358b e544
48a220bb f6d9
47766a64 f69e
c0749a27 0ade
3b9bcd2e f455
8e63695a 0242
a6fe08d1 063f
8f24d4f6 0261
37bcd427 f37f
054d0154 df76
4041b9a4 f548
b6654efe 08f7
9a54de2a 042e
6b780913 fcbf
6ee12603 fd4e
4e156e5a f7d9
38422191 f3a8
06020f8a e057
292c3d69 f022
ec488577 16d9
9c9249c6 048b
50b8ff1c f84a
99a167c0 040f
4d3b77ab f7ab
8c9828dc 01fc
cf24eccf 0dfe
2a034013 f063
62cce591 fb60
ba5e9e37 09b6
d0b28215 0e57
3f81b62c f522
3b5a8adc f448
ac067d6b 0725
c567fda7 0be0
0345f847 dc78
8b19c55c 01bf
8c5569ae 01f2
17de4db8 eadd
534067d2 f8c5
cf6320cd 0e0d
d77c3d3a 0fff
91eba787 02d1
f414b112 1ae5
8d48a82c 021a
1439ee4f e95e
9048131f 0294
dfd3bcdb 125e
4e699b07 f7e4
2bf3d75b f0d2
75fcebb5 fe69
b2b332b3 084a
11f7aa7e e85e
22ac976f ee5f
f1c76f69 198c
8f2e4b2a 0261
4fa390bc f81d
4335c517 f5d1
9f1bb6bd 04f4
d07f5e91 0e48
65033ff9 fbbd
dec149ff 1211
09c560e2 e3b8
baba9a6a 09c2
d277f9d9 0ec1
a4ffce47 05e9
96eb9e79 039d
53f0c8c5 f8db
56ec5087 f95f
e933a9c2 1584
351dc3ce f2f6
0841803a e286
91945897 02c6
fa6de588 203c
e6bce549 1496
8f942e78 0275
827de617 005f
c4c36f9b 0bc5
a2ae505a 0588
e86b8cc4 153b
fdc12a2b 2654
f04e8801 18bd
7245be15 fddc
bc89335f 0a23
4bf3e979 f771
d060830e 0e48
09b0246b e388
86f9f513 0114
e90bc829 1584
f63615db 1c48
7e6f44ec ffbf
5126b516 f861
6a229560 fc8c
d40e0043 0f2e
c11ee008 0b04
3d7e1f61 f4b0
4915f3e0 f6f1
95ab0ffc 036a
f68d5e0b 1ca9
cb941572 0d35
31d9e932 f23c
6617a9f3 fbe7
7722f725 fe9c
c2c3f2df 0b5d
e43d3c5c 13b8
455563a3 f63e
b2d7a7df 0855
7c7328bc ff6f
9731ece6 03a8
98738400 03db
79590b30 fef6
78771833 fece
85ad2037 00e2
fb5a70e5 2187
b0248873 07d8
6a3455db fc8c
ce742b79 0dd2
25d9234a ef47
67f8aa43 fc2f
6517ad97 fbbd
9b9534ec 0462
fb375b8a 212f
bd2a7fe5 0a3c
30b15fd5 f1f3
8714c6ce 011e
9fe0e6b8 0514
8f7c4d7b 026b
9e0b5b7c 04ca
b07604b6 07e3
9f47fba6 04ff
a310071c 059e
5a81ae88 fa02
14ba1f4d e994
b5360786 08bd
bbf080c9 09fe
c51d2fd8 0bd3
418d5d0e f587
823ce228 0055
bf700d16 0aab
a8d3214c 0696
b50ee727 08bd
4119d384 f56e
729262bd fde6
00ffa8cf d4b9
9d269d69 04a0
9b188112 044d
8b54e94e 01c9
d7daf578 1021
29c2262c f052
032bc2b1 dbfe
ec088dcc 16bd
7d80503e ffa1
7eb7382c ffc9
82ec0646 0073
96d328d6 039d
5ab5e7d8 fa02
f83979fd 1dea
654f2751 fbc8
e5b9da95 143b
150654a4 e9c9
f0d60d7a 1900
e0da1259 12ad
1865339e eb0d
d0b6889c 0e57
cb97465e 0d35
6486ee8b fba9
e0291f62 1272
b0c45b85 07fa
9f3699cc 04f4
5ed8db40 fab7
60dcba62 fb0c
5aa21dc8 fa02
9d734c8f 04ab
55029e2b f913
a5f2fb75 0614
2506efd0 ef12
77c2b8af feba
1b28901f ec07
4ae248d9 f743
9690ea9a 0393
a6eb14ed 063f
f4d86ff3 1b64
6217cede fb40
545a9bf2 f8f1
eaaa60f1 161c
caf508ea 0d0a
d409dd8f 0f2e
300e1e1e f1d6
a3ad675b 05b3
7ebc110d ffc9
dda77c5d 11b4
cd0a430a 0d8a
2a3f3136 f063
a98e8666 06b7
ecb976a1 16f5
9caa6b33 048b
8567a33f 00d8
f3457bfe 1a6d
27c8c661 efcf
ae0730d7 077e
9ab27c0b 0438
d6e1afdd 0fde
f7742597 1d44
427c9df0 f5ac
d97e5321 1086
9aca3ab9 0443
aadc92dc 06ed
83f43d44 009b
88fbef26 0164
a49efbcb 05de
0c82ab02 e593
1d57b2d5 ecc6
07d5d5ee e216
403fd121 f53c
efc28bca 187c
769a2769 fe87
e36754e6 1379
e212c959 1311
f2e1b7db 1a1f
2e77e9a6 f16d
611c6612 fb16
8d45c8e8 021a
8b78ea53 01c9
cda977be 0da7
3d928489 f4bc
82f46609 0073
240c87bc eecb
cd2f6227 0d8a
480937b5 f6c2
bbd6edb2 09fe
7175f22a fdb3
2470e687 eedd
c2701413 0b44
6bd39c46 fcd4
25c5f1e4 ef47
6b30b61c fcb5
bb5307a0 09e6
e814772f 1523
895f587e 0179
142b9be0 e95e
00a0edce d2f7
dd35f12e 118f
f8f0e1be 1e9e
cfd47e9e 0e2a
3ff53c46 f52f
c22de7e8 0b37
7ab9d720 ff28
57d34c46 f98b
ee97d9a6 17df
5d32f985 fa6d
572aae50 f96a
a6488fca 0629
2be59104 f0d2
2bcabd5a f0d2
347eb42c f2cb
5a36b0fb f9ec
b6cbadf3 090f
5eaf9822 faad
9395f322 0318
af995543 07c1
c3911aff 0b84
93138ba8 0304
5fa444a0 fad7
1a485897 ebc5
c0a9900f 0aea
2bca7bb2 f0d2
4ea0b3ad f7f0
86a13b43 010a
ac3a40b6 0725
90ad2018 029e
2a579ef5 f073
8b748dce 01c9
b4db688d 08b1
61a6bc12 fb2b
1d2a1d8c ecb1
252fa58d ef12
086e5063 e286
bf7fdfbe 0aab
06a19d57 e0e1
32e632da f276
0a0b5717 e3e8
493535ce f6f1
3ffc5ac4 f52f
54cadbb0 f908
d6ce3bfb 0fde
d9eb3cb4 10a8
72f64688 fdf0
34ecd61a f2e8
0bc69aec e51b
2edd0c4e f18b
9c7130da 0481
0fcdcf5e e764
46efaf6a f686
e4776417 13ce
8c8b8af9 01fc
ccd49067 0d7c
168aa421 ea63
c7dcabb6 0c65
fd216ade 2485
47e1406d f6b6
a9165652 06a1
cd6d1635 0d98
145f5420 e97a
a9a76a6c 06b7
3e093274 f4d6
97182e3a 03a8
16b82e34 ea63
2685d053 ef7a
fa46fe2e 203c
3da9ebd5 f4bc
4194a449 f587
88bb1688 015a
123b3257 e87b
ef6a6bc7 183c
b4ee2cc6 08b1
2449804c eedd
4f0c8d70 f806
e401f39d 13b8
8a8a2a13 01ab
9c13cb4a 0477
3e644539 f4e3
31b8faff f22e
db3d520f 10ff
1817ec13 eaf5
36809dff f349
a8c0ef98 0696
e134b3b8 12c0
989e099d 03e5
736c27a1 fe04
06eab5b0 e122
ca6bb151 0cef
a913c2f2 06a1
09c9f6ff e3b8
86da6ebf 0114
8a080de7 0197
88c7e8b5 0164
8c753269 01f2
e4e87110 13f9
eca4ffd1 16f5
76bc9073 fe87
68de3c19 fc58
e8348d59 1523
62e7a562 fb60
ebf7acad 16a2
dbd36a8c 1135
e3ceeff8 13a3
00f8d31c d4b9
7b800956 ff50
e81ea049 1523
99d941bb 0419
6b61184a fcbf
7ac76bd4 ff32
15c68b31 ea17
f0d05289 1900
26565278 ef69
553473ee f913
6a3a54ff fc8c
cf6fc6bb 0e0d
aac96ff2 06ed
7f942d42 fff1
4b3b81f2 f74f
4c3407c4 f77d
975fdfc9 03b2
f25b3936 19d4
ce786a3f 0dd2
e8c51653 156b
965c3202 0389
d7e64e48 1021
2d2d90e3 f120
3704d664 f364
8082671b 0019
7b0707c6 ff3c
e5c52faa 1452
99efd98c 0419
672345d7 fc10
fa42329c 203c
02b8b492 daee
dee03387 1211
6eaadcc3 fd44
99b95154 040f
2914de1f f022
8521ca80 00ce
6cfc11e9 fcfc
ef90e0a6 185b
97fbdac1 03c6
c592fcb5 0bed
3685fd70 f349
95e89c5f 0374
f27b574a 19d4
bc8e7913 0a23
2ef7afc2 f18b
2799c177 efbe
9b314941 044d
33a46c67 f2a1
76280e29 fe73
21c90087 ee27
0e7e7f37 e698
e6da5ac7 14ad
e4cdb40a 13f9
e074e431 1285
827af1de 005f
1d83616e ecdb
6f20df6d fd58
39745c67 f3de
8a794ef7 01a1
55bc3547 f929
b4761a9d 089a
26c82da4 ef8b
926ade6d 02e5
e664b34d 147f
5ba2c020 fa2d
459ca121 f64a
dee9c268 1211
b133097b 0805
afa4174e 07c1
e712d548 14c4
9d650eda 04ab
2141e0c0 ee01
61ba0f01 fb2b
2092963d edc8
18877ad5 eb25
ca04a6ed 0ce1
3869fd9c f3a8
8b2028eb 01bf
5d14ef33 fa6d
0accf2fe e470
e3b09364 138e
2182a0f7 ee14
070b7705 e162
3b5b66c0 f448
615cb85c fb21
bf56f59a 0aab
dac36ce6 10ee
baf82f85 09ce
cf702fff 0e0d
1a7b3b1e ebc5
d9e889f1 10a8
e4369405 13b8
92f8ba16 02f9
8d08e02f 0210
9a25d66b 0423
7b4c9924 ff46
0c85f0b6 e593
4cc94dc4 f7a0
39ea1700 f3f8
8ec007f3 0257
55a048cd f929
33931282 f2a1
1c35f87d ec5d
9c01be4a 0477
e6a5b639 1496
b3b58bda 0878
f5ff576e 1c18
0a2eb3ee e3e8
4e48fcd6 f7e4
b8380b90 094a
60bd6a29 fb01
b8335a8f 094a
6188de38 fb2b
a3f60fa2 05be
d5491b38 0f7d
14137cce e95e
799bca51 ff00
9b5fe851 0457
14d06d72 e9af
2bb2819f f0c2
472fa767 f692
4a574672 f72c
4d60cdfe f7b6
52595d4b f899
11bf5d27 e840
2ac83a4e f093
b8b3ebeb 0962
634c2430 fb75
bc192641 0a0b
a3019875 059e
bc0355ea 0a0b
4c60ba62 f788
e982b3a1 15b6
b3d122e7 0883
cd05c2f7 0d8a
b9ddd25b 099e
e16d4b22 12d4
96066625 037e
5f63ba57 facc
35098d34 f2f6
e0784afe 1285
cfb05764 0e1c
9a8564fa 0438
4af9b7f4 f743
7fbeda7a fff1
92822ce5 02ef
3ef24c89 f4fc
8f99ba59 0275
7f0ae89f ffdd
0332b129 dbfe
ada6e23a 0767
f6aeb4bf 1ca9
ed08dcc6 172d
8254870d 005f
5129a64f f861
c65f368c 0c15
78f5d5d8 fee2
7faefac1 fff1
00eddf5c d4b9
2dfc6e40 f14e
b449b246 089a
99b83287 040f
4c179fd3 f77d
7ad2108d ff32
8b553513 01c9
7af5d185 ff32
7050daae fd8b
994c250f 0404
17ed9da7 eadd
f22ad7a3 19b0
dc64acea 1158
99eac75d 0419
95329846 0355
5e8b468b faad
719358f4 fdbe
0994d791 e388
02602add da55
b9a41fbc 0992
a380985f 05b3
c728eb96 0c3d
67a85de6 fc25
9746a0a5 03b2
2bf71367 f0d2
26b88892 ef7a
d32c99e9 0eef
433d2212 f5d1
6b56d861 fcbf
85752943 00d8
d2622f50 0ec1
f7983453 1d7a
be03cd88 0a6d
0f56be28 e722
9dcdaca5 04c0
4616daa1 f662
08b2735b e2bc
fe0b0eb0 270e
b447d431 089a
f30136fe 1a46
81a1339c 0041
ef1aa113 181c
9a94eed5 0438
733045f1 fdfa
f9bc5c4b 1f63
098e254c e388
30db50e7 f202
4ccd6c8f f7a0
43981d0e f5e9
fadda4cf 20db
12667fc8 e899
b9f87b01 099e
2fd8bf86 f1c7
96e9b3fe 039d
92d172d2 02f9
c3b1b3bb 0b84
62b1b0e8 fb55
dd40d747 11a1
74076650 fe23
b71c3168 091b
df32a369 1224
caeaf94e 0d0a
8b2863c1 01bf
1f52b820 ed67
3d8471ff f4bc
69076078 fc63
2cdda64c f111
ea0b1276 15e9
e6b3b205 1496
6c572d31 fce8
dad9cff5 10ee
2eee4236 f18b
9d4d3715 04ab
4b2531b3 f74f
1b7db2f8 ec1d
3f880e3e f522
bf3e231e 0a9f
07b82753 e1db
4b9bfb8e f766
d1e45c5f 0ea3
6d8c42e1 fd1b
ab6acac6 0703
3d8aa4e6 f4bc
c8971c1d 0c8e
264f1ab1 ef69
4692852d f67a
b4aa092b 08a6
77a4f675 feb0
f724dc03 1d0f
8e9be168 024d
60eea230 fb0c
fea591dc 28d1
ecf11e42 1711
d8335488 1031
7f0f543f ffdd
6fa2bad3 fd6c
f4ed863b 1b64
ff56026b 2d09
50eb93fe f855
888d69bb 015a
0941339d e357
1aceb636 ebf1
e9fa65fa 15cf
08f16692 e2f1
2a70b21c f073
212c680c edef
c258ba13 0b44
f4510a67 1b0f
dde5472d 11c6
ec997cb3 16f5
96b4003a 0393
af218816 07ab
99c9f211 0419
ab997a60 070f
5414be44 f8e6
a3c11bb2 05be
64b19d97 fba9
6a50f3a1 fc96
a9b177aa 06b7
1e9c4bbc ed2c
60498d83 faf7
dfd11647 125e
472f4eb2 f692
b4b4c2d9 08a6
07e11a4e e216
8b213884 01bf
3521971d f2f6
bb550baf 09e6
bbc779b4 09fe
86385f56 00f6
b1839107 081c
c9f84455 0cd3
fa277a26 1ff1
13b43540 e927
a4ecbb37 05e9
6981b792 fc77
7cc7e9a9 ff83
b3116535 0860
3adad4f2 f42d
65c6270f fbdd
f6883820 1ca9
a5e7cfae 0614
c566404f 0be0
d4822e4d 0f4d
ada62213 0767
ee22887e 17a2
173857da ea95
279dcc76 efbe
37f3d210 f38d
401c65fe f53c
9b461d45 0457
af218b15 07ab
eb7b1968 166c
e9ebfc18 15cf
fba19757 21e3
8a0a72e9 0197
0bd08006 e51b
d41d2f60 0f2e
179ed568 eac5
22e54899 ee71
237aca1f ee95
38f9d574 f3c3
3981fa9a f3eb
6c5f7109 fce8
a7f5b550 066a
e068596d 1285
86008d0e 00f6
8271f8df 005f
8295ae11 0069
0228b080 d9ac
119d5b2d e840
a9272831 06a1
7377c10a fe04
020f7860 d9ac
c671652a 0c15
c7bf7170 0c58
16e7e8be ea7c
a1c935c0 0569
6dbce1ad fd1b
2c0bfc59 f0e2
16b040a0 ea63
cd9d70b6 0da7
a9320361 06a1
facbc592 20db
c1b99104 0b1d
3c0ebed2 f46f
25421e6c ef24
98ea6be3 03f0
60754d49 faf7
1ebe9e1f ed2c
0feb40d5 e764
eb89acab 1686
05d4027d e00f
25e9d3d5 ef47
7522230b fe4b
4453479b f60e
1bb27b63 ec32
ba2619e6 09aa
4e865b88 f7f0
aff47150 07cc
4e81b4c2 f7f0
d1f742b2 0ea3
f005bca9 189c
caae0fb6 0cfd
be549a92 0a79
83363658 007d
8a99cd35 01ab
45cf24b1 f656
311b517e f211
3f3cb78d f509
bef7f1df 0a92
259e1ef4 ef35
ec6df677 16d9
a7f03e86 066a
4fc22242 f828
c0cd7910 0af7
eda79ef2 1767
76a4e194 fe87
0558f7de df76
7f9cbe33 fff1
1da0c223 ecdb
90a5d922 029e
8331344c 007d
464f050f f66e
4fe80b75 f828
8f480fb7 026b
3a5e342a f413
5e9dcaa8 faad
b027c201 07d8
08c3b8a8 e2f1
1bfde8c5 ec48
49be708f f709
30feb97c f202
d1e97baa 0ea3
875d5e9a 0128
48fb59b7 f6e5
ce4316f4 0dd2
de313410 11d9
8f552ee6 026b
4dc9ec09 f7cd
323adaf0 f24b
d80ae702 1031
f56c8702 1bbc
cc401c37 0d5f
3d6410ee f4b0
dedc0fdc 1211
d8234996 1031
8bcb3432 01dd
99bd0a8c 040f
265c60ac ef69
6af083d3 fcab
1d0955ef ecb1
79f7d327 ff0a
999b5b62 040f
c1f844a7 0b2a
8de94fc8 022e
c198df80 0b1d
6ba29844 fcc9
40ad829f f555
dfa224b6 124b
940fbbbd 032c
9f7a0bca 04ff
84a76a25 00ba
e5193cb0 140f
bda5b99c 0a54
39553caf f3de
7bfaad49 ff5b
c12d574a 0b04
6b2c1c9a fcb5
1c5e12e0 ec72
694864a7 fc6d
8e7239b8 0242
fbaa4aa7 21e3
41ade3c1 f587
91cb3abb 02d1
66ada695 fbfc
0f9ab7f8 e743
4942b5e2 f6fd
e86da32b 153b
47a888f4 f6aa
3c140f3f f46f
a7413a76 0654
d2785a0e 0ec1
33d2e326 f2af
2b0dc158 f0a3
d2fd987d 0ee0
e482b403 13e3
1e166ac0 ed03
765ae882 fe7d
5dfa5ef9 fa8d
73b9476d fe0e
67533fc4 fc1b
c274e20d 0b44
c87125ae 0c81
20756b72 edb5
1081bc47 e7c4
66489274 fbf1
5c258c56 fa42
2be72f72 f0d2
523dfc96 f88d
cca4b7ce 0d6d
9db93229 04b5
855070a8 00d8
4f7cc9c0 f812
cfec3f94 0e2a
ad9f87b6 0767
169023c6 ea63
7e25130c ffb5
894518ba 0179
3ed16e9e f4fc
31cb583e f23c
f7e318d4 1db2
2e894a72 f17c
23f9db6d eeba
27459a46 efad
b9199109 097a
112bcd24 e803
c10eb8d6 0b04
5c838051 fa58
44a1a9e9 f61a
3e644e6f f4e3
52198aad f88d
3f977ce0 f522
207ade18 edb5
78f67943 fee2
d79d73b2 1010
66608f6a fbf1
e3d27eaa 13a3
62208054 fb40
3d75d2d1 f4b0
ad6f100e 075c
88e9d224 0164
b8d738e1 096e
d479e047 0f3e
2790699c efbe
7216d45d fdd2
d30b6231 0eef
80867a88 0019
625b8c7b fb4b
30266686 f1d6
a138eba6 0549
b560c1fd 08c9
117015e5 e821
2a7fa0d1 f073
3a9f5d0c f420
82f9b673 0073
4ff3502b f828
58a05caa f9ac
b60d685a 08ec
3c73f365 f47c
d379dcf6 0eff
48739f9c f6ce
bafca376 09ce
2bef27b8 f0d2
b75d09c9 0927
c0167917 0ad1
2af88095 f093
8cbbdff7 01fc
54a7d06e f8fd
c01b8dc3 0ad1
8032d213 0005
0b128ffc e49c
ecd7508b 1711
bc405f90 0a17
1416a24b e95e
66df1316 fc06
6607ad42 fbe7
449660ca f61a
004224bd d066
dad9fc9f 10ee
124e1060 e899
2229687d ee3a
c3bc39e5 0b84
eea43974 17df
d0b96840 0e57
d1406be0 0e84
3313624c f284
fe463b42 27e0
5f645fd3 facc
c12acd90 0b04
ef3b4b1e 181c
2937608b f022
18110824 eaf5
b347e91d 086c
e7217805 14c4
8f174a75 0261
e7db954b 150b
ee1bb728 17a2
e3c4786f 13a3
37a062f7 f37f
24fbb58a ef01
4b498000 f75a
55831c4e f929
59667b14 f9cc
fb2f7836 212f
804fe0d5 000f
548c3eb3 f8fd
9a97f2b2 0438
2c2f5f3a f0e2
9cfa621b 0496
43ffefc1 f5f5
b752b011 0927
eef19a77 17fd
4ac36358 f743
27c890d8 efcf
1f84f24b ed7b
32e2b4fb f276
66c54d15 fc06
eec02b7d 17fd
b109ad7f 0805
faf0ddab 20db
0a7bb415 e416
1a9cec62 ebdb
05c9503e e00f
b92934a3 097a
25c8fa1b ef47
c81e5512 0c73
09b5cba6 e388
0c395c96 e544
66d731d6 fc06
d3c1a12f 0f1e
63b450a4 fb7f
627c1d0f fb4b
7aef3558 ff32
8560cca6 00d8
72d4cc09 fdf0
07fb41d6 e216
b1bc8cc5 081c
d9389942 1075
0f515abb e722
5bf01fc5 fa38
c84a1756 0c81
3ba94dd8 f455
ad1c6b7a 0751
1aabeb45 ebdb
55014576 f913
70fc2bf3 fd9f
ad90c8c9 0767
24c2afa0 ef01
3ebecf58 f4f0
83e5f8de 009b
4f87cd08 f81d
799688ed ff00
d44afe87 0f3e
fe0398cd 270e
18a64b95 eb25
bc8ce01c 0a23
4ddc546f f7cd
bed2d959 0a92
bce15c3c 0a2f
47c44465 f6b6
4b197091 f74f
80ff7141 0023
d62dbf80 0fae
17da2b29 eadd
d9135817 1075
a8d7e1e4 0696
8dae7a57 0224
ef200939 181c
288edea2 f001
60de6ad2 fb0c
ac05c610 0725
9744c24f 03b2
05ff08d8 e00f
1594e7d9 e9fe
54cfc8e3 f908
543b85e9 f8e6
4abd84e2 f737
a5c2ff77 0614
1fee864c ed8e
36daa42d f356
e0d641de 12ad
8beb2cf1 01dd
aafdfdf7 06ed
bdc7b470 0a61
ded7328c 1211
8fc0689b 027f
577a0a57 f975
0015d8ef cb3f
3c55be1b f47c
80068da6 0005
2820ab44 efdf
9eeb573b 04ea
cb324504 0d18
ba0092d3 09aa
c15c77c7 0b10
229253ed ee5f
a7e0aedc 066a
0b50c319 e4c7
da1c7aa5 10b9
cf9e0240 0e1c
6a4e0d8e fc96
46b271d4 f67a
e5cf605f 1452
d819a300 1031
9c5ffeb9 0481
10f9480f e7e4
220a4491 ee3a
b49d9767 08a6
7e7658c4 ffbf
309b365d f1f3
db8d61a9 1123
cb938bd7 0d35
3688d2ed f349
8291fa6a 0069
96deae54 039d
2ef7b1e4 f18b
57c60d68 f98b
11f31b64 e85e
7de7217f ffab
0e3071cc e674
aeedca0b 079f
cf34305b 0dfe
af98d563 07c1
f7efb7d5 1db2
1ea65416 ed2c
c24ae537 0b44
7f9ffe7a fff1
f7bcc281 1d7a
f4651a13 1b0f
b2efdcce 0855
3acb270e f42d
7e7aa2c4 ffbf
07b6fb07 e1db
21022471 edef
12244a97 e87b
bd3e7516 0a3c
d5babbdb 0f8d
1df6d75a ecef
0bd75b21 e51b
b70bd31f 091b
a95c63a6 06ac
0acba22f e470
2e00af02 f15d
c15ffa7d 0b10
dce9422f 117d
f47442cb 1b0f
5bc5f0e9 fa38
2c9911b1 f101
7130c748 fda9
995fe24b 0404
c5034ef9 0bd3
5da78ca0 fa82
0f24d0c2 e700
3d2debf3 f4a3
a26e63c0 057e
ce032097 0dc4
3dbe19c9 f4bc
3837b27c f39b
6abf8873 fca0
d9d3ceb6 10a8
339cac16 f2a1
01fa6b38 d8f2
50bf10fd f84a
7ddf0013 ffab
6dde3f09 fd25
497571fb f6fd
29d67fb3 f052
80f56a49 0023
4c10d12d f77d
94a30957 0341
a8f826df 0696
6348934d fb75
c4da208e 0bc5
12a81c82 e8b6
bfc23244 0ac4
d3e495e7 0f1e
038db7e7 dcea
5da9bd29 fa82
969d77b3 0393
2a64718f f073
8ef0555e 0257
f8a72d6d 1e61
4d8a76fe f7c2
b1acbea6 081c
7af395ae ff32
2ce6a368 f111
14ef3c8c e9af
2e6d1e8c f16d
fc615fd8 2316
99a437bc 040f
36eed18b f356
03d9e4a0 dd56
7fce5a6c fffb
ca97b8da 0cfd
bb1d7e09 09da
bf936f77 0ab8
768183e8 fe87
ba7d7456 09b6
b82d1932 094a
49888388 f709
00215e2e cb3f
50e36298 f855
4be881fe f771
e29f47ea 133a
92cf89d5 02f9
74c7de0f fe41
7511a24d fe4b
e2762475 1325
9cbe3cd8 048b
d6a3e6dc 0fce
1ae895e3 ebf1
6066cb25 faf7
7996a855 ff00
7216a1f7 fdd2
06c75c85 e122
20386606 eda2
19e232c0 eb98
62993e46 fb55
b6a6e94d 0903
729b2a9e fde6
5944c07f f9cc
a55df3eb 05fe
3a5a0e1d f413
71907060 fdbe
49aa0795 f709
23422d11 ee95
eb00e87d 1651
c8650c1c 0c81
fd83b447 25ab
7609e7f9 fe73
55d814fc f934
dd24f4d3 118f
c5f9bed5 0bfa
d343ae13 0eff
e47f96c6 13ce
e6a83c5a 1496
0a630c30 e416
6c9b08e0 fcf2
8335f85f 007d
cc91301d 0d6d
6704701b fc10
16a6a6b1 ea63
ff70012e 2d09
c0ca0945 0af7
69e3ca5c fc82
184bf114 eb0d
ff566ecc 2d09
cb6c5262 0d27
575cb2c2 f975
3b9b93f7 f455
0632e485 e057
24b1ef93 eeef
5c74a1d0 fa4d
a7ab08f0 065f
0399a207 dcea
f970c9de 1f1f
ce315348 0dc4
7903c987 feec
568eed7c f954
c4da0cc0 0bc5
bee6e2b5 0a92
2453e348 eedd
701f4a10 fd81
731fab77 fdfa
07b33622 e1db
92125a24 02db
30eed30a f202
d28a6f02 0ed1
9e67dc7b 04d5
88a094b7 015a
08d34bfd e2f1
a61433f6 061e
ebabcb4b 1686
0b9aa353 e4f1
c940dac4 0cb7
d9083c66 1075
7c0fac3b ff65
1e126015 ed03
94d81277 034b
377c7fcf f372
2d157ef1 f120
19b0136a eb81
9a762c8f 042e
c71d8faf 0c3d
59c019fe f9e2
9a612f00 042e
10af42d6 e7c4
c862d21d 0c81
2f76f070 f1a9
e25228f9 1325
d25c6841 0ec1
a1aafbb9 055e
bd657f8a 0a48
5d20858a fa6d
24ebb3d6 ef01
63d110ca fb89
ca50f4c6 0cef
c7c74320 0c65
bf11f2ce 0a9f
114270d3 e821
35cbe56f f31f
c770e0e7 0c4a
852e92c1 00ce
854519f8 00d8
ccf4ff93 0d7c
3cb9a884 f489
b0248693 07d8
5898ebe0 f9ac
db52c993 1111
fbfbda08 2244
0332a74e dbfe
1c90f504 ec87
db498e2d 1111
ac0c95fb 0725
93da7ab3 0322
ad1da0de 0751
3dc67077 f4c9
e197dba7 12e8
e8befc5f 1553
1364686c e90b
72623cf3 fddc
30d01829 f202
22085a19 ee3a
3749e822 f372
fb2474fd 212f
ab54ec69 0703
7332ae16 fdfa
7506901a fe4b
c9c1801e 0cd3
bb2138f5 09da
a93338a7 06a1
caa78a72 0cfd
a255512c 057e
f18dc1d1 1968
b6cc74d2 090f
c0715433 0ade
10606eee e7a5
de8a7db3 11ff
17b10dbb eac5
b66d3785 08f7
7f69025f ffe7
71bbe6d1 fdbe
a4aa57fe 05de
28f0184b f011
e0dbaccd 12ad
3cc18051 f496
8f1ff694 0261
7081b3df fd95
678eb73b fc25
f04c3969 18bd
936dfc36 030e
a9d0eefe 06c1
d75df8ea 0fff
31b8dabb f22e
a403c928 05c8
1bc0e436 ec48
2c344892 f0e2
e8582fe1 153b
fc7fb4be 2316
5f92800f fad7
6250f78a fb4b
4c352ec1 f77d
4f0c432e f806
f5573a22 1bbc
cb7ff80c 0d27
204eea0f edb5
ac9cf027 073b
9f866583 0509
4cb820ed f794
14a3514c e994
ff17ef1b 2b47
a74f99f8 0654
34d27a83 f2e8
d5f838e6 0f9d
c4cfb2e9 0bc5
ae018209 077e
a7277b15 064a
47749cb7 f69e
e9d76bbb 15cf
bd0224b8 0a3c
e6eaf215 14ad
a1cb078f 0569
18d5153e eb3c
dd34ec32 118f
81738b27 0037
a58d9933 0609
a36df1e9 05a8
6a2105a1 fc8c
5db8a673 fa82
c5fd5ad1 0bfa
2552b1de ef24
bf305a4b 0a9f
81aca01e 0041
4c211688 f77d
dfdbd6d5 125e
9b97261f 0462
d7fd06a0 1021
44d0fa83 f626
fee86dee 29ec
bdca8d97 0a61
e26f78bb 1325
81baf497 0041
0bb8e062 e4f1
4f355b96 f806
24cdd78e ef01
71eeca60 fdc8
11d92f1c e85e
cef58a95 0def
c8680aa5 0c81
12d93817 e8d3
a69b2a00 0634
3603e82a f32d
7afbe108 ff32
30858be0 f1f3
fe663f4f 27e0
87238491 011e
766dd75d fe7d
fd6f2df1 2512
4588c972 f64a
c35a6458 0b77
cf3937b9 0dfe
827ce786 005f
b0b4530a 07ee
feb1a3ef 28d1
e4c0feb1 13f9
be386a3d 0a6d
8bc9b816 01dd
7bd89a6d ff5b
7f2aba34 ffdd
b75dcb09 0927
5e6210fc faa2
d694108f 0fce
9f856f80 0509
b4595686 089a
f01d8b44 189c
a4bdc659 05de
d8b5b77c 1053
75d26da5 fe69
5acc0373 fa0d
064c99a1 e09d
d7ff18c8 1021
65cf1235 fbdd
5328934b f8ba
2215be79 ee3a
aec38938 079f
6c8be3b1 fcf2
af07f7bf 07ab
87f9d343 013c
180a6c7c eaf5
3353d056 f293
cf5efa44 0e0d
4a336b2c f720
73e50565 fe19
54844fba f8fd
26487534 ef69
24443fa7 eedd
f7bc8fe6 1d7a
076b4300 e19f
7c0d7ff1 ff65
ca1e538e 0ce1
1b7d87f7 ec1d
348eb22e f2d9
b767f61d 0927
68cd0a33 fc58
662cdef8 fbe7
0f3ee253 e700
ff963141 2f9a
bed0c090 0a92
a3fce86b 05be
837c8857 0087
89038b62 016e
4e1f84b8 f7d9
c69f7f34 0c22
7dcc854a ffab
9138cd40 02b2
e3e6938b 13a3
50af32e9 f84a
519533da f877
6ff8e43c fd77
0e0db50f e674
bb550367 09e6
afa3f46e 07c1
3ed7ed84 f4fc
82ffbc5d 0073
7aca8fef ff32
ca48a651 0cef
c48a1b44 0bb8
f51cd103 1b90
7291ff96 fde6
c6996604 0c22
51fa01d8 f882
f57abeb5 1bbc
5d8e391e fa82
25eb73e2 ef47
11ec322a e85e
badbd2a0 09ce
2fba1901 f1b8
abb7a359 070f
4fd9d8e0 f828
9d375281 04a0
c0cb2aa4 0af7
5c967563 fa58
8b07d31a 01bf
505b3c01 f83f
21a5fadb ee14
4e6559a6 f7e4
0b445ccd e4c7
407e7c5d f548
41664a27 f57a
e901f9b8 1584
f1634685 1945
3e81d004 f4f0
8cfd371d 0206
884783ab 0150
e5b5b5ea 143b
dca371f9 116b
f83fc01f 1dea
45d81ea8 f656
c1d4b15e 0b2a
c365f879 0b77
55511b50 f91e
1137e5c7 e803
b6ef020f 090f
141c7eba e95e
aeed2681 079f
01f213f3 d8f2
307d5c93 f1e4
a9c3c579 06c1
9e04a7e1 04ca
4eb7d14f f7f0
c45965b7 0bab
612bf82c fb16
a91092f9 06a1
3543ecce f303
c2be3cb8 0b50
522788a9 f88d
42582f68 f5ac
88d65f56 0164
5739821e f96a
035899d0 dc78
06fc7699 e122
5a931120 fa02
94d67154 034b
9b5c2b4a 0457
582cb49a f996
72edd702 fdf0
2e156db8 f15d
4cb23b7c f794
31b00993 f22e
28fdb72b f011
74c300bc fe41
d57da6c5 0f7d
5a789043 f9f7
ee23d09c 17a2
7f2e5656 ffdd
e23c4a9b 1311
3a1360e3 f406
08b9cd00 e2bc
f8ba7774 1e61
43a24046 f5e9
f7f876fa 1db2
03c1fcfc dd56
816d5985 0037
3a8b0338 f420
b8f46264 096e
154e60e1 e9e4
ef33b374 181c
eb669970 166c
e0cdcfe4 12ad
ecde5289 1711
b78f5fc5 0932
acdd1d3b 0746
f5db088e 1c18
0518aa53 df25
29c275f3 f052
d2c145af 0ee0
2bcce9b1 f0d2
5c85afa6 fa58
9e09f3e2 04ca
51d2b5e3 f882
405092a2 f548
befcb0aa 0a92
bb6ba3fc 09e6
838d45fd 0091
08879670 e2bc
1e239899 ed03
ef249866 181c
537b101b f8c5
8e082890 0238
f54ef9e1 1bbc
8c8ad3c0 01fc
c3fb7680 0b91
904ab375 0294
a7603899 0654
bb22f09e 09da
8099b8a1 0019
178ecfd8 eac5
36349589 f32d
197a6f76 eb6a
98caa5f9 03f0
947cef20 0337
2a50a7c7 f073
6877afac fc44
60ed4505 fb0c
869ea5bb 010a
a05bbbe9 0529
b4c9b6af 08b1
bc9b57f5 0a23
76dbbac9 fe92
7670d5ca fe7d
1758dfaa eaad
27c028f1 efcf
38828329 f3b6
d0b52357 0e57
eee4414a 17fd
0c9dc704 e593
0724a001 e162
5fdb4868 fae2
8a73b5cf 01a1
bac5d7de 09ce
075a5388 e19f
2bebf448 f0d2
b8027e37 094a
2d9b794d f13f
5ae92264 fa0d
3bd86f64 f462
aaf4e1b3 06ed
74700982 fe2d
3a9b3e7b f420
334e1f68 f293
ce7dfb83 0dd2
3518179e f2f6
9bfd9d07 046c
78228fa2 fec4
b5fc83c2 08e0
a6e2b7ec 063f
978fc64f 03bc
5ad90dae fa0d
22e3ea9a ee71
34926eb4 f2d9
f2234214 19b0
2ac7b4de f093
1e0ea3b2 ed03
b0ab2985 07ee
298e6c98 f042
084d5f0b e286
5a21a7f3 f9ec
72d4e528 fdf0
ba6a03c8 09b6
f118d4f9 1922
e4fdf6dc 13f9
1289ca51 e8b6
ccc5be1f 0d7c
33414e64 f293
ebe9db3e 16a2
5075a04d f83f
c1728b04 0b10
314df805 f21f
42057d61 f59f
aafbd2a8 06ed
6e0c1731 fd2f
36aa5fe9 f349
9fb0fe16 0509
dad2b498 10ee
b8637d64 0956
a657a897 0629
1ae4b2a7 ebf1
8e9d164e 024d
e44e5c4b 13ce
9ffdd927 0514
5cc929f2 fa62
571d25e5 f96a
ef8d5f4f 185b
447563d3 f60e
6af951b5 fcab
216fe2dd ee01
5dc671aa fa8d
19fa91db eb98
6d2a3ba6 fd07
28cf350f f011
06c01ed3 e122
3b5ea299 f448
90d9ed37 02a8
117c38dd e821
ed3e0f4b 172d
8c2ef102 01e7
6eb302cd fd44
9b09cafd 044d
a0b42eab 0534
f56fe638 1bbc
1e6ec925 ed18
54a27f86 f8fd
de5bc363 11ec
a4ae8bd1 05de
2306e7d5 ee83
a71077d3 064a
da5ea656 10cb
91c6a56c 02d1
d55be56a 0f7d
325df7f7 f259
d0398e93 0e39
0a5ac7e1 e416
295a980e f032
04bc3aa4 de79
daf8fd67 10ee
7c0bb80b ff65
57dc8113 f98b
da93357c 10dc
5fb54778 fad7
06392f70 e057
9e69cf65 04d5
501f3c54 f834
cdb7473f 0da7
f42d94d5 1ae5
887581d6 0150
614c987e fb21
5e36407d fa97
b4d8e438 08b1
3671d436 f33b
23070a45 ee83
0df84d76 e650
0e529dc5 e698
256004fb ef24
cc87cbb5 0d6d
5b312e2c fa17
0006f583 cb3f
d0eb9bd0 0e66
92b4a416 02ef
c8ac1d0d 0c8e
048a4bcf de79
d2af9b81 0ed1
19a92d3e eb81
cba51636 0d35
6afd2015 fcab
0bbdf3ef e4f1
55cb9c0e f934
9c32a8be 0477
85c2665f 00ec
c17d57d6 0b10
d4a4decc 0f4d
d16ce3ac 0e84
1ef01afb ed40
3cc68a0a f496
96195a29 037e
1792eb45 eac5
110b9cab e803
aef27e93 079f
8d42d9bc 021a
69c8d1c9 fc82
c84c2001 0c81
35bdbca0 f311
59ac8e4a f9d7
717123c4 fdb3
e8a98e5e 1553
5084d3cb f84a
87e61540 013c
956d107a 0360
21071a5c edef
a600a486 061e
aae5abec 06ed
71120d9c fda9
a9ecceb5 06c1
8026f6ba 0005
01589ba9 d72f
ce1e4561 0dc4
141e53cf e95e
88aed7a5 015a
a8153ddc 0675
a96f781f 06ac
94c62296 034b
8c16ade3 01e7
08841206 e2bc
90ab78e5 029e
4a38500e f720
b01b493e 07d8
56876c15 f954
8a9a4073 01ab
54d57add f908
c3482dd6 0b77
e62a7610 1468
7af81ee1 ff32
10e4e811 e7e4
c4d42aa3 0bc5
6dbaac9d fd1b
200564aa eda2
a6b0a089 0634
8772c739 0128
ab4bb8d6 0703
66f2d415 fc06
dba973cc 1123
1cdb0271 ec9c
ec3ef286 16bd
8c74e923 01f2
8321ef8f 007d
5a5346b8 f9f7
421e08ca f59f
207d8391 edb5
1bc5293d ec48
7befe407 ff5b
c3dec3db 0b91
b6a4ae45 0903
26a72ec7 ef7a
268c8d8b ef7a
3e13cb1c f4d6
9c7fac8a 0481
63c1fc0b fb89
4893732b f6d9
3ec33628 f4fc
14f1fe84 e9af
eb40c105 166c
a77ff4c1 0654
2b6f3d47 f0b3
8c1464d8 01e7
89e88e39 018d
d0365e15 0e39
c59c9afc 0bed
7cc7dc3e ff83
c73ae19a 0c3d
d6c987c2 0fde
e104235d 12c0
bce00611 0a2f
6fa52cdd fd6c
d5a03075 0f8d
b122469d 0805
57286235 f96a
fbffcc2e 2244
8498dc68 00ba
7f320a1f ffdd
c936bb32 0caa
b1ea21f6 0827
881f275c 0146
162ddae0 ea31
0cff8f4f e5ba
5811f18f f996
4f56477f f812
4db528c3 f7c2
22ee88c7 ee71
6031a178 faec
20a2ca6e edc8
2d6d1c31 f12f
13bc3c52 e927
027820a0 da55
ee4e975e 17c0
63223597 fb6a
2ffb600a f1c7
92c8d8a9 02f9
dce0794a 117d
549b20f6 f8fd
af72f13f 07b6
084be64f e286
e36c55c1 1379
11d5e37e e85e
331c8c9b f284
3721ce97 f364
d127e7ee 0e75
34bcf0ab f2d9
65ea248b fbdd
b1b02506 081c
20172f9a eda2
0a4347bf e416
bb619946 09e6
2c35980a f0e2
f34008e5 1a6d
23b76f1b eea8
af693f4c 07b6
8829e241 0146
fe9279c5 28d1
9b5de905 0457
871f39d4 011e
f3fa66da 1abc
087f0ebc e286
3a0958d8 f406
b9ebd037 099e
c9db7edf 0cd3
1c534f17 ec72
1a188fd5 ebae
65bfed75 fbd2
572fb19c f96a
c7d68e67 0c65
33c88d2e f2af
73ea2add fe19
85c08d3c 00ec
d89d6277 1053
a09280f4 0534
e55b878f 1425
cbf56617 0d43
fbfad89e 2244
33756fd2 f293
fbbc9f9d 21e3
426a25f3 f5ac
d46de666 0f3e
da872127 10dc
e4935b85 13e3
ddbd3466 11b4
3420a2a2 f2bd
5b2bb126 fa17
44189b73 f602
0ae29ee7 e470
fe2da419 270e
7c2b6c79 ff65
489ec863 f6d9
601ada9d faec
8ef545c7 0257
097a6073 e357
2cfee997 f111
2566f88b ef24
f63c93b4 1c48
6bf6dd73 fcd4
d53c8e2e 0f6d
e70756d7 14c4
538ee7b2 f8d0
80d770ec 0023
4fc5209d f828
2e6a6c5e f16d
338d82ec f2a1
b9c708e0 099e
e49f5140 13e3
ae424c27 0789
9918b6de 03fa
ded1ef5c 1211
daeaf36f 10ee
15a24115 e9fe
397a0f67 f3de
1005e9fa e784
82b9c0e4 0069
535419a2 f8c5
d3a00f87 0f0f
73998e5d fe0e
610ba30c fb16
121c9318 e87b
b844d61b 0956
d8c71058 1064
4ed4c4c3 f7fb
1f644ac2 ed67
b1290595 0805
769b2915 fe87
35e37e2d f31f
88adec8a 015a
14f1e887 e9af
51f10d1a f882
90c41d33 02a8
0b04b52f e49c
f8b3badf 1e61
e2854be2 133a
9450a089 0337
b4746803 089a
7641c4ff fe7d
ced817a6 0def
b8b23dbf 0962
64fbc7b0 fbb3
b025476c 07d8
472dc4c2 f692
4cf2bd1a f7a0
86d20406 0114
430e0d35 f5d1
187eceda eb0d
f7c27961 1db2
49cb7f01 f714
51534282 f86c
1a9b73a1 ebdb
d604d41f 0fae
bf0ba1ae 0a9f
4c9d3587 f794
e7a20789 14f3
450aa77d f632
0ba7279e e4f1
30f3dfd4 f202
8d240c71 0210
d014486f 0e39
0163034d d72f
27730268 efad
f47daae3 1b0f
8e349563 0238
a61f4a2e 061e
121424dd e87b
92906d98 02ef
c07523cd 0ade
80d08b48 0023
bd33c328 0a3c
a4ca18cd 05e9
0cb6eebf e593
13272f67 e8ef
444acdb6 f60e
6d4e1994 fd11
4e64727f f7e4
27ee2e4c efcf
4ce6d8f3 f7a0
6d37bfa7 fd07
e9dcea67 15cf
08ddd5fd e2f1
25af1134 ef35
69c674a2 fc82
18769af4 eb0d
b22c6b1b 0833
9a2b463f 0423
10972dd8 e7c4
f6153169 1c48
cba298db 0d35
ef73c2d4 183c
29704430 f032
7444c45a fe2d
9796a9e2 03bc
2ed716d2 f18b
26fb82f6 ef8b
d1dd4f09 0ea3
1643952e ea4a
7936a873 feec
1732a866 ea95
09593cb3 e357
96043d99 037e
3ae2f7fe f42d
4e101984 f7d9
be5c2dd3 0a79
dfae7a14 124b
1b00fbb5 ec07
2a24cd1c f063
dfbca9fd 124b
e0a41eac 1299
cd1ccb21 0d8a
0da7dc63 e62c
e2262121 1311
88ebe29f 0164
2fa461bd f1b8
4e4e9c93 f7e4
ff0ec4df 2b47
fb62b92e 2187
967d344c 0389
a51fbee4 05f3
685f9080 fc44
cd92e3a4 0da7
0b0d9aa2 e49c
4468ef70 f60e
79267c10 feec
0df9005c e650
1c4b60db ec72
a0eba960 053e
cbdd75e7 0d43
5a1ec751 f9ec
164e7954 ea4a
908cfa07 029e
0a71ecfd e416
4e1545fc f7d9
b3ddddfd 0883
ad5ca4ee 075c
f75f3e67 1d44
6eca27af fd4e
a289696d 0588
e9a58878 15b6
fa099152 1ff1
9e0e7b5a 04ca
3f362854 f509
99415d57 0404
28899490 f001
5c3a3160 fa42
ab69fcb3 0703
7957ee9d fef6
8e66159c 0242
c37df219 0b77
9f61c3fa 04ff
9bec7db7 046c
6816624c fc3a
7e5427e1 ffbf
6864a618 fc44
b57f4d7f 08c9
ab4840a2 0703
0ce94f02 e5ba
893c2ca4 016e
7b55caff ff46
66f0061d fc06
f602f60f 1c48
58a4e8ea f9ac
5a0115bb f9ec
c7a5c330 0c58
d9c84ac9 10a8
b7ccc833 093e
75965070 fe5f
624c54a4 fb4b
c6386a7a 0c08
aaf829ea 06ed
e0908e10 1299
70e12c80 fd9f
670f3771 fc10
fadb3739 20db
93f487a6 0322
0a6df910 e416
4d09cedb f7ab
59388ea0 f9c1
ef7358a6 183c
63699cce fb75
8c783587 01f2
91623e93 02bc
06d98717 e122
12278e27 e87b
bd4fc7a8 0a48
cd78504f 0d98
a9bbb334 06b7
4e350127 f7d9
28b90a9d f001
2a6f76f2 f073
a5056107 05f3
82a60272 0069
3ecac5f3 f4fc
3eeb0953 f4fc
1178ad32 e821
116a3150 e821
59e05112 f9e2
a45b1a77 05d3
5352cfd2 f8c5
550bca3c f913
1d1c8d1a ecb1
fded144f 2654
a126ae05 0549
fa843929 208a
5ce665dd fa62
af27110b 07ab
d60aebf9 0fae
bcaf4266 0a23
4c0ee75f f77d
b8e3e821 096e
5a8e1d1f fa02
8b83014d 01d3
494c7a85 f6fd
ff971a8d 2f9a
04613eea de1d
0aee672c e470
09dde36d e3b8
e7f57633 150b
e3d654ad 13a3
88190f5c 0146
d67f2536 0fbe
33031c70 f284
c4d42e82 0bc5
559afc98 f929
055931e7 df76
67564689 fc1b
8747b9e0 0128
bb6d9f3f 09e6
e9540150 159d
d267ffe7 0ec1
ec782dbd 16d9
953c8c83 0355
3a95d78a f420
5cf2f3cb fa62
23e04ed8 eeba
993c7e0e 03fa
2213a5c5 ee3a
16a8c413 ea63
5c038740 fa42
dd6ea037 11a1
34f4e088 f2e8
36cc431a f356
1d5a2a84 ecc6
6240ffab fb4b
5a74b054 f9f7
d9e27656 10a8
5eb814df faad
cb10844c 0d18
8eaaef11 024d
b4beb6a9 08a6
a2e82396 0593
8a809bde 01ab
b10bb146 0805
71d132ee fdc8
a01d1581 051e
81beef67 0041
6697b45a fbfc
f2977eef 19fa
7d301af1 ff8d
0d2e8e03 e5e1
00dd4a0f d4b9
e9d8e55a 15cf
111ca0ef e803
9de8aa96 04c0
dd1324ae 118f
15be2239 e9fe
65a24e58 fbd2
32ca3c61 f276
24b91f98 eeef
fe2e35c5 270e
68ebdd8a fc58
dc5e9f6e 1158
4eb3656c f7f0
4e4be555 f7e4
85519cee 00d8
dda6babb 11b4
d865c60f 1042
f17db44d 1945
d4f1dd67 0f5d
f2503d0b 19d4
b93f2181 097a
728be0b9 fde6
648ff0f6 fba9
f9469ae6 1f1f
62f62029 fb60
a68d29d0 0634
c8c24960 0c9c
e81af12f 1523
32b5ce68 f268
3c1fc0b8 f46f
f2bdb9c4 19fa
a74a11d0 0654
ca78066c 0cef
1a180644 ebae
f7e7d6e9 1db2
a677f558 0629
095820a7 e357
7cc72a18 ff83
88110f34 0146
1a86c9a7 ebdb
09d6dd94 e3b8
b601c667 08ec
0110b081 d614
f60c8070 1c48
56490367 f949
cef461d7 0def
31c6f165 f23c
e7567948 14db
e0bdc93a 1299
72a86711 fde6
222d00e4 ee3a
2a42831f f073
cb8b62f0 0d35
ecf3fdb8 1711
be665ed6 0a79
59d279c7 f9e2
3b7db108 f448
cf602dce 0e0d
29163afa f022
9bb4f335 0462
c2c02a35 0b5d
68465f9b fc44
4d94416d f7c2
3d7466bb f4b0
98cedb6d 03f0
77a04fe4 feb0
6d2f444a fd07
43586b75 f5dd
cf597397 0e0d
189a1ba3 eb25
4315f002 f5d1
dbd8be20 1135
173db0de ea95
92096d54 02db
a146cd12 0553
8b137719 01bf
3c4e79ed f47c
91d956a1 02d1
a2321db9 0573
552a7b13 f913
c5c7dc40 0bfa
5cb92ddd fa58
cce87048 0d7c
6961a3ae fc6d
6babddb4 fcc9
60c3b82f fb0c
6211b89c fb40
8ee54425 0257
057c75cb df76
ec5393d7 16d9
31307bad f211
2d12f41f f120
d0c35840 0e66
5534be7f f913
592d3b5a f9c1
66159be0 fbe7
59ada9c2 f9d7
b4769ddf 089a
298e5560 f042
725dd404 fddc
2dbdca49 f13f
6798214f fc25
3189669c f22e
82110f88 0055
d9ccf05f 10a8
475f3030 f69e
49fd86b0 f714
7003c447 fd81
36bb7a66 f349
b7186647 091b
2b02e43f f0a3
25213836 ef12
cf6bf3bc 0e0d
2af2d386 f093
260fc0c1 ef58
b184d39f 081c
6e0806aa fd2f
e0190f71 1272
d1447afa 0e84
6b888fec fcc9
bb560a68 09e6
56e3c6cd f95f
7f962710 fff1
e175cf44 12d4
7d35dae6 ff8d
b43ef236 088f
237f6a37 ee95
31ae4b40 f22e
aca2f19c 073b
fef2aa6e 29ec
14db680d e9af
d6bf852b 0fce
a792a48c 065f
75aa58d8 fe5f
2543b234 ef24
e6da4d50 14ad
2b2195d2 f0a3
4bee67b5 f771
4585a94c f64a
a7fadcdb 066a
f6dfec9a 1cdc
86fdf0eb 0114
552c6652 f913
2ab1a955 f083
9369551b 030e
7fe12d1a fffb
429fc69f f5b8
d680f7b3 0fce
9887fb99 03e5
261fdfca ef58
68e0c55c fc58
841389b3 00a5
c675d053 0c15
5237783a f88d
3b90c22c f455
3c4385de f47c
3b722f8e f448
0418575e ddbc
8adae0b3 01b5
f5022989 1b90
698396e8 fc77
ed0936df 172d
a7f30ed8 066a
cea1b14a 0de1
fcd1dc51 2402
c4ba72be 0bb8
cebfe43e 0de1
fe7c6d3b 27e0
bf34e632 0a9f
fd21605a 2485
a642ec5d 0629
913485c2 02b2
c69582fa 0c22
1d97e3af ecdb
49bc7a5c f709
7ff25834 fffb
4a1b8031 f720
e968e963 159d
25246143 ef12
e39cda6c 138e
3db4a9aa f4bc
a9c449d0 06c1
fc4d6cb6 2316
51c72a91 f882
e590872a 143b
d704dacc 0fef
367f891e f33b
ba4329e1 09b6
d5b30018 0f8d
164e7efa ea4a
dae61117 10ee
ec4c2575 16d9
d650d4c1 0fbe
28085b75 efdf
1baea6db ec32
9cab5cfc 048b
907b27f6 0294
a3c425bd 05be
c798257c 0c58
3326b973 f284
8e368995 0238
9b436822 0457
465ba451 f66e
47df4714 f6b6
b08f29ee 07ee
f505e5db 1b90
4ec4beb2 f7fb
a7a64869 065f
ba167561 09aa
d119b10d 0e75
80926a9b 0019
4f686279 f812
21fb8c72 ee27
ce854b24 0de1
7cfdde0d ff83
cb966d97 0d35
8f5b3d04 026b
e25ffd0c 1325
39e6721d f3f8
20a8c7a5 edc8
fb2e813c 212f
a5f937e6 0614
f509ef43 1b90
6ae9ea05 fcab
28e64b6e f011
9c82ebb6 048b
ed4f6ad4 174a
699253fa fc77
5deff2be fa8d
04b6cd34 de79
093e958a e324
01a4b4d2 d820
df17f375 1224
2a4658f6 f073
585b9804 f9a1
b773f991 0927
0b9c5b5a e4f1
f989c685 1f63
12bade2f e8b6
40444f3a f548
faf7082b 20db
a1b30bb4 055e
9cc9baf1 0496
669a9c2c fbfc
14bf779e e994
bb3237c2 09da
7a1cd3ed ff14
8b78559f 01c9
b4892694 08a6
9adbce26 0443
c27e46cb 0b44
ec2a2196 16bd
72fd1eb2 fdf0
c89ae935 0c8e
a7d30935 066a
d8c0bf42 1064
c24ec85e 0b44
1bd54e67 ec48
19e3cc8f eb98
a0900ab1 0534
51ad0cd9 f877
1c5c3c57 ec72
5e8ca42f faad
80706cdc 000f
36ad8413 f349
48070daf f6c2
ee89666b 17df
e292d5c5 133a
9db573c4 04b5
427a7b39 f5ac
89f244e1 018d
edef9fec 1785
928d3e24 02ef
294820b6 f032
d5b549b9 0f8d
e94e203c 159d
c90f38a5 0caa
7f2b6712 ffdd
1e833f10 ed2c
c363a83f 0b77
8c6dec6b 01f2
6d7c49b7 fd11
2fac9e7e f1b8
dddd3673 11c6
fd451d2e 2512
f82ad123 1dea
dbdeaeaa 1135
ad71e1a4 075c
468a6d42 f67a
e66aec44 147f
4f980cf5 f81d
02f3f76c db7b
0f397ab8 e700
5d402d7c fa78
8107ad56 002d
4300f7db f5d1
ac3d1810 0725
8acb33b7 01b5
1a0f8025 ebae
824b17ee 005f
5645853d f949
9cc98619 0496
a3d540cb 05be
900afff8 0289
08072fa8 e24e
8c710ab3 01f2
74964864 fe37
36f65157 f356
064d2a4a e09d
4750c936 f69e
dbc37a22 1135
8cf16ef4 0206
1b2d7594 ec07
ef6db33a 183c
71911efd fdbe
9b0491e2 044d
03c1a3da dd56
29ce9914 f052
bf872b7f 0ab8
d2a45456 0ed1
e7921796 14f3
424ccc99 f5ac
c90cf7d6 0caa
abbe5ed8 070f
467875e5 f66e
b460afa5 089a
8c2650a3 01e7
8623ad14 00f6
bc48131a 0a17
b191afdc 081c
381eee0e f39b
4ece7fb4 f7fb
4eff937f f7fb
de845a9c 11ff
92969e75 02ef
2fb1c165 f1b8
3c0431a4 f46f
27879aa9 efbe
b500cc21 08bd
79e05764 ff0a
0a20be02 e3e8
93e9d404 0322
fc695105 2316
f2978e52 19fa
99971afd 040f
b048cad0 07e3
cfdbefd7 0e2a
8e9753fa 024d
5a0fdd4a f9ec
b4751263 089a
82932e74 0069
a04bc7b3 0529
04fb491e ded1
06019ccc e057
f35c1ead 1a6d
c2a62521 0b50
144a5193 e97a
3ae6876c f42d
3207f2eb f24b
9f136931 04f4
ab700b04 0703
f896c9ac 1e61
475c0b1d f69e
2efe5e9a f18b
c3c79c8b 0b91
b05cc8ee 07e3
aec868f3 079f
01abf471 d820
11482ce3 e821
006d8b1d d066
1d5907eb ecc6
3a7c6d05 f413
a0f3e35d 053e
5e15bf36 fa97
e9fe8e26 15cf
3362b623 f293
cc5c4d60 0d5f
aa28ea5e 06cc
772fcfa6 fe9c
cb0bdaf2 0d18
1c112ce8 ec5d
fd263f24 2485
cfb2a433 0e1c
144f968a e97a
f42c54a5 1ae5
b31e8fdb 0860
0af6dbe6 e470
86af5d7d 010a
2b883f3a f0c2
4f852b9a f81d
2aaae64e f083
3cededbf f496
5d7886df fa78
af1a05d4 07ab
85cb209f 00ec
8516e890 00ce
37b7735e f37f
7fafa225 fff1
cce37617 0d7c
3b1b32a1 f43b
7a9e062e ff28
049b355c de79
62257ccb fb40
8a3a2f61 0197
11d4ae87 e85e
3e14ba76 f4d6
f99b5f74 1f63
c1c09896 0b2a
a97abd5b 06ac
5b66997e fa22
b263ac37 083e
ab1b07a9 06f8
4a90dcfe f737
661bd070 fbe7
62010b43 fb40
8fff1713 027f
ba2b1ff1 09aa
de74cae2 11ec
eef7e313 17fd
3251cf7d f259
dc906a07 116b
61f4f121 fb36
00f71408 d4b9
91ba368d 02c6
16d15434 ea7c
297978ed f032
0a7d440b e416
515a0f86 f86c
1fa9de46 ed7b
9c353e8d 0477
953b6b18 0355
dbf0c2a5 1135
2464ef56 eedd
a7f6a202 066a
834fa14a 0087
d0cd044d 0e66
a4097c5e 05c8
75e9d26d fe69
f18db316 1968
dcd4cf71 117d
5f3f7d7e fac2
cd8d995b 0da7
4ca3c46b f794
965d11c2 0389
96d0ac19 039d
ca217360 0ce1
2faa3d2d f1b8
ba7d1c4a 09b6
5c0e23cd fa42
cb321523 0d18
9498f9d3 0341
517f0691 f86c
4b98f6b2 f766
76728eac fe7d
04ca4519 ded1
f8dd8575 1e9e
69186320 fc63
38f080c7 f3c3
6ebedbb9 fd44
0ca96c34 e593
0a47381c e416
6b42e605 fcbf
82e4b0f2 0073
c0f6e698 0af7
33d8e445 f2af
3140ffe7 f21f
aa22a97a 06cc
bb88b66a 09f2
732020ee fdfa
395173ff f3de
08b144f8 e2bc
372e94df f364
c800a52b 0c73
08867fda e2bc
ce8c8def 0de1
218d97ac ee14
cc1d2922 0d51
7586b21d fe5f
08523eb4 e286
6314f44d fb6a
c4b77b7b 0bb8
402b417c f53c
85e06f8d 00ec
d479a07f 0f3e
87e5815a 013c
feef5654 29ec
de6573f2 11ec
84b1f390 00ba
fda3b363 25ab
95070b1d 0355
a7737b47 0654
64e7e0b4 fbb3
cf88c616 0e1c
f66da1b0 1c78
8336fa4a 007d
7de775f1 ffab
c8a4d669 0c8e
06731b58 e09d
e31f4f93 1364
43ba525c f5e9
fc82a011 2388
32231d68 f24b
e63c59b1 1468
2edbb672 f18b
933d6073 0304
53fb6063 f8db
8aa2bad6 01ab
b4b8ac72 08a6
a8980bd6 068b
35568db5 f303
142cff32 e95e
b7b40cc3 0932
98e36e58 03f0
c81af6d8 0c73
3c7dda8e f47c
6108c271 fb16
bd9a8743 0a54
21813db9 ee14
a5ea188a 0614
7a18168f ff14
dd1a2811 118f
37729f2c f372
6881fe0b fc4e
a3e67ce1 05be
04ffb4df ded1
c547c959 0be0
7799b1ce feb0
95b7a46a 036a
b79e69da 0932
30c0aec2 f202
8bb23f37 01d3
321e4186 f24b
6426b376 fb94
5d4a0db1 fa78
f654d975 1c78
def74f55 1211
e8d65556 156b
0426ada0 ddbc
b8fb29cd 096e
c3759598 0b77
c4f16a6d 0bc5
cf2a8ce5 0dfe
9932136e 03fa
a830189b 0675
db93fb53 1123
b47716fe 089a
06f7120c e122
615cb522 fb21
acd1eab9 0746
63a898eb fb7f
dbb9455a 1123
dab81824 10dc
acd405c5 0746
c4bf4247 0bb8
be0fcd6c 0a6d
12d0696f e8d3
445e19d8 f60e
31a9b8fa f22e
a2be848f 0588
d69700cf 0fce
0de5aeaf e650
91a4108e 02c6
4502ebc0 f632
f7182412 1d0f
31bdc9ef f22e
cb79f417 0d27
10eeef92 e7e4
7ea8cabf ffc9
80a9ce62 0019
d587bd7a 0f8d
30f8166f f202
16d538e2 ea7c
a3dac50f 05be
827745f3 005f
42b94ece f5b8
d145be0e 0e84
910c5591 02b2
aac3115d 06ed
d2180e2a 0eb2
530f3339 f8ba
a800c987 0675
28da7d07 f011
70984199 fd95
056d1599 df76
777d9209 fea6
27f9acc6 efcf
8d62139d 021a
c976d1c5 0cb7
47c0be7f f6b6
1e2bb662 ed03
9c1113cc 0477
41ee6165 f593
deeb9d38 1211
756edafa fe55
a583faf8 0609
33a3f6b5 f2a1
48aa853b f6d9
59d3305d f9e2
a9a36d45 06b7
bb1d05ff 09da
772eb7bb fe9c
9ec81c40 04ea
16bd7136 ea63
53265277 f8ba
61882d4f fb2b
c94618a2 0cb7
e8757bc8 153b
33c28b0d f2af
135c54cc e90b
5aa18ae2 fa02
a272ee96 057e
bf75d6fd 0aab
6140ef10 fb21
19cb89b0 eb98
d033bca4 0e39
7d3e44c7 ff8d
39ad283b f3eb
dd8736ec 11b4
540b84f2 f8e6
284d3656 eff0
0578007d df76
55ebf430 f934
c1133b4d 0b04
344e3bd0 f2cb
0d0ac6e3 e5e1
82f152c9 0073
303e3da1 f1d6
c1c754fd 0b2a
70300b92 fd81
27e550a2 efcf
abf39d37 071a
24538a92 eedd
85e85549 00ec
5346b2a3 f8c5
c052fab4 0ade
e7da4ec0 150b
72d743ee fdf0
f3fd3568 1abc
e8cb35f4 156b
1f9accf4 ed7b
d1a72d5d 0e93
3c0ce3df f46f
09fc01d4 e3b8
9a092d6f 0423
ee18db17 17a2
bb3a1ebe 09da
49a62f62 f709
da8b927e 10dc
e7169206 14c4
e2a10f12 133a
397d4ecd f3de
bfd91539 0ac4
2bcac4ec f0d2
5fd1f544 fae2
a16c07b6 0553
330c481b f284
f52f7770 1b90
b30b6aa6 0860
ce994e54 0de1
fd7076ae 2512
95f9c57d 0374
15ffdbad ea17
7d29e750 ff8d
7d8763ec ffa1
e31873e1 1364
988b069b 03e5
5141cfc7 f86c
c34cacb5 0b77
0065f72b d066
06509be8 e09d
d1972884 0e93
bb38763b 09da
06f37a52 e122
f7a33853 1d7a
6e3a756b fd2f
062ff0a3 e057
3b11277d f43b
88d4472f 0164
db19b6dc 10ff
1545a907 e9e4
3498f1fd f2d9
0e56f5f3 e698
aa9a23f9 06e2
5081cb05 f84a
c9288b7f 0caa
705e6a64 fd8b
921028b1 02db
eed31409 17fd
af1442b4 07ab
75f609b8 fe69
664354c3 fbf1
e64b4131 147f
17f70b59 eadd
42a47856 f5b8
3df8b80f f4c9
5ec1b602 fab7
e083e2c7 1299
7f09dc46 ffdd
598bf437 f9d7
c18a9fb3 0b1d
c3872803 0b84
1f3fbdab ed53
20a3bb23 edc8
9c0a681e 0477
9686c7a3 0393
dc330153 1146
0be309c5 e51b
8a928d49 01ab
4f3bbd3e f806
5f9fc3f4 fad7
c25b5343 0b44
bce0123e 0a2f
af6ffd49 07b6
0fc0a1ad e764
547e3811 f8f1
e70807e7 14c4
45c33a71 f656
cdc313ac 0db5
7cfb9529 ff83
016bf9ca d72f
010eb374 d614
c114a734 0b04
da0d30f6 10b9
68b933f2 fc4e
beb25ec5 0a86
1bec1e4f ec48
b4a959a2 08a6
7f4d8513 ffe7
5ba951f4 fa2d
2ff2e6a4 f1c7
e8e0d3f1 156b
5ea42c37 faad
dfc23971 125e
9ae2252f 0443
cf2a9355 0dfe
fb921b83 21e3
a9690538 06ac
da6e754a 10cb
436ababa f5dd
ad64cf61 075c
9faef81c 0509
6b9ea934 fcc9
ab199646 06f8
4506b910 f632
42d13e48 f5c4
832c1de7 007d
ac8573bd 073b
7461e7f4 fe2d
87385e52 011e
45e5b46e f656
ba7743c7 09b6
2f1ca14d f19a
baa60056 09c2
0e089e89 e674
bc5397a4 0a17
6bfd5bfc fcd4
042a4fc1 ddbc
a90ab914 06a1
0b190da6 e49c
c4c3fa55 0bc5
7cbb0d03 ff79
32891021 f268
481eb74a f6c2
740fdbf4 fe23
b55fc2a2 08c9
fa5a4603 203c
1f2f8492 ed53
d48513bc 0f4d
9edd82f9 04ea
1d9e64a5 ecdb
111c2188 e803
1d306153 ecb1
f160c5ae 1945
f7547892 1d44
ac70a605 0730
fdb49eb7 25ab
162ca5e8 ea31
5a1404da f9ec
9ed8a1f2 04ea
9bb83a1b 0462
4cda1ad9 f7a0
08bd74dd e2bc
026b4a0e da55
da33a13b 10b9
72e65a78 fdf0
91e0382a 02d1
8e223f28 0238
9beb68b4 046c
a395045c 05b3
496e3ea1 f6fd
a41ad76c 05c8
3cd60461 f496
02e12431 db7b
0c26da2f e544
a77fb4c6 0654
74764a3e fe2d
6fb82463 fd6c
81c47a76 004b
be02e4b1 0a6d
0d0f315d e5e1
cef0ad02 0def
3014d025 f1d6
dd72bc09 11a1
120b42b0 e87b
4fc928b4 f828
e46a2a71 13ce
9ecb5400 04ea
6ef41afa fd4e
e00b1e7c 1272
867a6b24 0100
37dbaf9f f38d
eb1089fb 1651
627bfc8e fb4b
399d0b7a f3eb
dccc0af9 117d
26881ab9 ef7a
b51a5bdd 08bd
5b5762e7 fa22
f9b03691 1f63
5b1d36f1 fa17
44f06a3e f626
2f34319d f19a
b23b0dba 0833
4900f84c f6f1
bacabc48 09ce
4c924e17 f794
ca30df6b 0ce1
431080cf f5d1
48be7dfa f6d9
c4d16b46 0bc5
b0c29bd3 07fa
c9fe486a 0cd3
f7d4d226 1db2
4474911f f60e
5ae8c073 fa0d
01d68e55 d8f2
14534ad2 e97a
504694be f83f
c997e985 0cc5
bce2e4de 0a2f
4b685ad2 f75a
8a25a970 0197
fb17f1ea 212f
96145d4e 037e
b6cdf909 090f
cf158368 0dfe
7c81e75c ff79
f29600f1 19fa
fa4b47b1 203c
1f933a67 ed7b
b00eee18 07d8
27013e80 ef9c
8bba4011 01d3
7945b7fe fef6
bbae4d69 09f2
3c9b87bb f489
f2cfd895 1a1f
cca2f649 0d6d
1d7428dc ecc6
48e9c486 f6e5
f9e38f31 1fa9
48fa8152 f6e5
a5aeebdd 0609
d5fe682c 0f9d
2f73063f f1a9
16746946 ea4a
a3d3126c 05be
d4e89a97 0f5d
c5fda1bf 0bfa
596f8d83 f9cc
3e7009fa f4e3
803ba7e7 0005
413770f6 f56e
44b050bb f61a
3b70d453 f448
c00cf9f5 0ad1
76649ecb fe7d
cf2a2667 0dfe
f4805a20 1b39
ff0833ae 2b47
9cd1c5ab 0496
0467de78 de1d
854b99b3 00d8
385b0a13 f3a8
65efa41e fbdd
67f849a5 fc2f
2253054c ee4c
6e518e68 fd3a
c9c7785b 0cd3
a9b6505e 06b7
7c6ddd2f ff6f
a628b691 061e
523a99bb f88d
ee23c866 17a2
f1243056 1922
735c3592 fe04
94186c7e 032c
a7045780 064a
093f1337 e324
92c281ec 02f9
334c8412 f293
ae0fe923 077e
fb3c3cce 212f
bd1da0b7 0a3c
82734092 005f
0c28479b e544
28360f09 efdf
10e21225 e7e4
d8afe044 1053
eec62c70 17fd
9a3101df 0423
dc229ac5 1146
f259555f 19d4
b43786c6 088f
610f0165 fb16
c96f30d3 0cb7
6ed0ca51 fd4e
efd38e5b 187c
4ec9eb42 f7fb
6638d47b fbe7
6aab039a fca0
272470e9 ef9c
7872fe52 fece
b333331f 0860
b429754f 088f
fbaf91b1 21e3
686ebe87 fc44
a6e8537b 063f
52ecda29 f8af
71a5c9fb fdbe
fbd53088 2244
ded3d9da 1211
7e3ca9c4 ffb5
00a8871c d2f7
03d5a06b dd56
f3868f44 1a94
d02056f8 0e39
3253b5f2 f259
7e46f269 ffbf
8f76d371 026b
228aa5a2 ee5f
efa092f8 185b
919a6025 02c6
44528040 f60e
6ce98700 fcfc
6c307ccf fcde
6b7300a1 fcbf
b175c72f 0810
6ce42ef4 fcfc
90e8f649 02a8
d69fbfc4 0fce
973a8543 03a8
e386e557 138e
540c95e0 f8e6
6288ec81 fb55
402d525b f53c
439fe6aa f5e9
d766554f 0fff
a097f8de 0534
6216cbea fb40
9eb70e8a 04df
637c1e7d fb75
1e646c83 ed18
62b2970e fb55
aec90345 079f
5e53aa81 faa2
6823382e fc3a
bad7cc1b 09ce
19c43070 eb98
c80c1e3d 0c73
d7dbdea2 1021
aa621d1d 06d7
3ecd790c f4fc
9b63dd93 0457
bd17f42b 0a3c
47dfbee4 f6b6
f4053277 1ae5
866e75da 0100
2b58c1ff f0b3
1010606c e784
b3183380 0860
29b202d5 f042
f404800f 1ae5
46d6c7ee f686
90ea9b7a 02a8
15fdad4c ea17
ef4533e8 183c
00669167 d066
f9bea597 1f63
a8da13ca 0696
39c25069 f3f8
44873984 f61a
3eb3e9d1 f4f0
c5a6c670 0bed
09fb9325 e3b8
48615f00 f6ce
8c9708a2 01fc
a9c5cae9 06c1
75f2b3e2 fe69
70b572cd fd95
4da35176 f7c2
5de9bd44 fa8d
3dd7a36d f4c9
ad1ad476 0751
3c845dad f489
e5d5c966 1452
c1ade62d 0b1d
669e2ee8 fbfc
b676bf1c 08f7
03aebb96 dcea
db5ad063 1111
7510d792 fe4b
1ac48f60 ebf1
fa892634 208a
bb8a5b4d 09f2
3bf62271 f462
7b04494d ff3c
03d60400 dd56
73b63286 fe0e
7abf10fe ff28
113e6ce5 e803
ab223795 06f8
f7fc071a 1db2
97bb5029 03bc
2eeda04b f18b
6132cb73 fb16
fd39ae9b 2485
cfe24940 0e2a
50f33cf2 f855
ede70e3f 1785
7d5581ea ff97
dce36742 117d
a5d45ca0 0614
b04ee43e 07e3
ca53cdda 0cef
3b61ae0b f448
ff3a1d90 2b47
75312731 fe4b
4115e472 f56e
82a1dfa3 0069
69532ce1 fc6d
e2d93e40 134f
4f09deff f806
d9354a47 1075
b8dee40b 096e
a3966efb 05b3
c52b489a 0bd3
dbd5b78c 1135
d4475089 0f3e
3bb51f00 f455
07b8677b e1db
c1c2dd1a 0b2a
e911dc03 1584
68eee713 fc58
c35c8405 0b77
121f4ce6 e87b
3337e7b3 f284
7e244c58 ffb5
c85b258f 0c81
a2b55bc5 0588
7fc79adc fffb
d3c44e96 0f1e
24182366 eecb
d0c89ca6 0e66
0524f9c3 df25
5a819e93 fa02
87266bce 011e
1ad2b8d7 ebf1
67525419 fc1b
d945e651 1086
4f78a149 f812
de4ec9fa 11ec
e2907347 133a
37b04011 f37f
b7e94858 093e
12227b79 e87b
95601d5b 0360
cd7fdf78 0d98
876fba4e 0128
7362e761 fe04
a099ec67 0534
890a1df7 016e
15f97b6f ea17
af011fa4 07ab
34e9eb8c f2e8
830eb486 007d
2c599d26 f0f1
b222c593 0833
33cfc232 f2af
0185ffbb d820
6098897f fb01
f41b6880 1ae5
6428901d fb94
a4e1e71c 05e9
eb4f2d24 166c
176d050a eaad
5a752594 f9f7
63a1ee42 fb7f
f39ad28f 1a94
fca0dd5b 2388
9f48942d 04ff
bc7f7b3d 0a17
9692b9bd 0393
fa856cc4 208a
54412208 f8f1
bf77c746 0aab
94f14755 034b
5f0ae17f fac2
681ebf23 fc3a
d27aaf1c 0ec1
30e498be f202
bac06956 09ce
4269cc61 f5ac
19d6c2fa eb98
24017a06 eecb
3c86ca28 f489
efafc601 185b
9924f327 03fa
cfc5a5d8 0e2a
eb4501bd 166c
e8398607 1523
8cdb1e11 0206
170b87f9 ea95
5c18c8dd fa42
b5b42748 08d4
04e5a68d ded1
2777a886 efad
44ddafc6 f626
3ca48613 f489
81159ae4 002d
46d90abf f686
75681531 fe55
d370c24f 0eff
5adaebba fa0d
3e8b5872 f4f0
47c197ea f6b6
0dbe671e e62c
714d1ad2 fdb3
630cd067 fb6a
32fc284b f276
9b3c2fb6 044d
ac7b84e8 0730
80aa05db 0019
0fd59b79 e764
acfa92b8 0746
82d57a83 0073
d1ef68b7 0ea3
61f9f9cd fb36
5dde3751 fa8d
44d19d4c f626
1bcee880 ec48
3a8c3d12 f420
8a10a42d 0197
01523437 d72f
3e57cdd2 f4e3
c7ace8b7 0c58
f32bb3a6 1a46
e772f749 14db
83c997ca 009b
e9c10fea 15cf
e835febb 1523
48e82bd1 f6e5
6d0dd631 fd07
17866047 eac5
35623372 f303
bbf78020 09fe
ae39e48f 077e
41d69ddb f593
4d638caa f7b6
8b2a7484 01bf
7b7db016 ff46
9f8796d3 0509
a2e3aecc 0593
28b50247 f001
f3cc1749 1abc
46d5f32b f686
394e01df f3de
bf14bd79 0a9f
9ee4afe4 04ea
432665a8 f5d1
f6c1f1fc 1cdc
8d569409 021a
b02d71ea 07d8
c623dd55 0c08
bbe5a580 09fe
fd4d1fdb 2512
1bdcd02c ec48
19898100 eb81
0612704a e057
487a5f81 f6ce
318b88a6 f22e
fac9c292 20db
64d0461e fbb3
5b370e07 fa17
4baa7b94 f766
e1c83201 12fd
a6ee4ed0 063f
89780b9d 0179
34059aa1 f2bd
d3848532 0f0f
c9e141e3 0cd3
d027a0c6 0e39
be2fc938 0a6d
77a8fb3a feb0
c60ee33a 0c08
2257fa88 ee4c
6ebdf55f fd44
c03b7912 0ad1
bb3a36cc 09da
09ea4b46 e3b8
39782c80 f3de
ac4e360c 0730
baaf9ce8 09c2
7e3ddd2f ffb5
def55caa 1211
1289c6da e8b6
ac3f8ffc 0725
5f7ad3cf facc
a0db0c59 053e
ec25b5de 16bd
7f42a8ef ffe7
4b6273fa f75a
6bad82d3 fcc9
538ec5a1 f8d0
bf517128 0aab
25e37255 ef47
cb5f4d7d 0d27
1f51d3d2 ed67
b9298105 097a
120aea75 e87b
0612c2ef e057
99004013 03fa
6d7c703c fd11
8d78f851 021a
e7ca7be3 150b
e80f0e37 1523
ea647aa4 1602
32f3d16f f276
7cf6d524 ff83
8ff34db5 027f
d5afa4b7 0f8d
aa58d1a9 06d7
03877826 dcea
e6a58796 1496
10d6530a e7e4
2c2b6a01 f0e2
be3c716f 0a6d
1e2d9d4c ed03
68d75134 fc58
22894c99 ee5f
afe8b393 07cc
5fd02802 fae2
4978019f f6fd
df763e52 1238
72ae9951 fde6
56afb994 f954
22a0aafa ee5f
950034d3 0355
b7e4adbd 093e
5b71b653 fa22
10c52ea7 e7e4
e8d45d92 156b
00acd341 d2f7
50e2238b f855
b488bfab 08a6
81e64747 004b
91543c24 02bc
e6938584 1496
02f6dd2f db7b
14b7652e e994
f509154a 1b90
753b825b fe4b
6113831b fb16
ef5863ad 183c
1922dbc1 eb53
2acffb67 f093
ec5425a9 16d9
5a328e64 f9ec
d2ea112d 0ee0
db663afc 1111
5f2721f8 fac2
c82174ad 0c73
6763bec6 fc1b
9bce0109 046c
8d8d21fb 0224
18c7bc94 eb3c
76055d0f fe73
1aebea3c ebf1
ba1f8d29 09aa
73b8dc81 fe0e
e67a5992 147f
b0b9fa92 07ee
6795f6d7 fc25
60bb4dc5 fb01
4534f7d2 f632
6ca92672 fcf2
ef67f544 183c
5d9f78aa fa82
83565d49 0087
617b00f8 fb21
735dcd7f fe04
e0edae27 12ad
85f0140a 00ec
c5646b8f 0be0
829899bf 0069
dc693981 1158
5a9e94f0 fa02
f0b2b922 18de
8bbcfadf 01d3
7df8bd4c ffab
25013cf1 ef12
a1de7e3c 0569
8eb2645a 024d
bf347b94 0a9f
cf989f60 0e1c
e5d7f32c 1452
56061f10 f93f
c7d9c720 0c65
fe59752e 27e0
ccc82ff6 0d7c
eb3d2889 1651
64e470ce fbb3
bed769db 0a92
36017183 f32d
8c72fce9 01f2
71f5bb22 fdc8
4705dc5f f692
a705e876 064a
29d5fcb3 f052
9dedb6e1 04c0
dd6a2c80 11a1
9fb30e0c 0509
66f93385 fc06
0e8deeee e6bb
0ed5e5e3 e6de
d23a8984 0eb2
11b4a2fa e840
0533a6db df25
ae7e2cdf 0789
7558d95c fe55
902c4ac7 0289
c2fd7b72 0b5d
5f66e1fa facc
1e9e8710 ed2c
476765c3 f69e
9b69ddab 0457
22a09a1b ee5f
9108a7ae 02b2
560938f6 f93f
67bb52e2 fc25
c7acc8c5 0c58
2e76dd12 f16d
4ca6d863 f794
513df737 f861
3a51fff3 f413
cb13c8d6 0d18
2a1274c0 f063
dc4cbc06 1158
031b2f98 dbfe
970067ac 03a8
7ba3845b ff50
dce57172 117d
c5e7cd21 0bfa
79e0a794 ff0a
d27c9f96 0ec1
a49fa403 05de
11b2198e e840
9f43e197 04ff
2ee348cc f18b
aae30035 06ed
33852f2a f2a1
55db1e5c f934
324e0f8d f259
6a94697c fca0
8e19cab9 0238
521ba5e0 f88d
adbc94f3 0767
1bb317c4 ec32
066cb236 e09d
fe014272 270e
40972a34 f555
486b7543 f6ce
ca75f5a1 0cef
a2fb1bbf 0593
ecfb4faf 1711
5ab44b38 fa02
53a28c87 f8d0
f8881844 1e61
709bf0c5 fd95
1c06b19e ec5d
a76e13dd 0654
905fcea1 0294
c0b9e3e4 0aea
755bc244 fe55
ec57d749 16d9
3b3101e5 f43b
75f1831a fe69
84a02d21 00ba
2398bf0c eea8
01fe5559 d8f2
7df98d57 ffab
22b992c1 ee5f
d1cd2b1d 0ea3
fba05b5a 21e3
74030573 fe23
995ee506 0404
df34f0d9 1224
536b465f f8c5
24b4eb3f eeef
b99f8ce9 0992
9450e3c7 0337
26c2e5b9 ef8b
6c659a1b fce8
e4320c25 13b8
bc416999 0a17
16503a55 ea4a
a0d14260 053e
78983ddf fed8
705f1705 fd8b
dec7fc8f 1211
2029d423 eda2
e748e8e9 14db
5336914b f8ba
cde27e86 0db5
27b53e44 efbe
f8d56fd0 1e9e
2a19ef04 f063
63a84168 fb7f
18d8bb08 eb3c
d5c596f9 0f9d
4257ac74 f5ac
3178a746 f21f
fbd9597e 2244
2059fda8 edb5
e8f865b6 156b
edf5a8d0 1785
26c12e54 ef8b
15206e27 e9c9
ae0e953e 077e
706d19c6 fd8b
d22001c1 0eb2
af202db0 07ab
68735569 fc44
7e1e76df ffb5
d0375f47 0e39
8e058f1b 0238
85d0ba83 00ec
3a9b3e8c f420
efb81672 185b
42d7ee67 f5c4
0ca7e47f e593
75703747 fe55
65f72fbf fbdd
382e307f f39b
d897107a 1053
cec65997 0def
1c427a1d ec72
19597ac8 eb6a
0dbbb359 e62c
d5d56335 0f9d
e170c07d 12d4
26dc094f ef8b
b70869b3 091b
33b182d4 f2a1
af59ee40 07b6
6db7c6a5 fd1b
d98d4cc3 1097
205018cb edb5
2f7960f1 f1a9
a5148355 05f3
5ef7ec11 fab7
beac3c46 0a86
6433dadb fb94
90a1576b 029e
689e2d59 fc4e
c53ed58c 0bd3
386dba4b f3a8
b9cb7c00 099e
c8199f54 0c73
2bbb02e5 f0c2
fb2a4a07 212f
d20a8da6 0eb2
7616bb85 fe73
e6ea8dee 14ad
46920e19 f67a
dafd975e 10ee
ba00a2a7 09aa
82346c92 0055
2a4fb560 f073
4647053d f66e
9963fea2 0404
a6fc63a9 063f
9f98fa7f 0509
a65a6d7a 0629
fc5a68d5 2316
ddb4320b 11b4
31dab2d6 f23c
fea3c715 28d1
609afbad fb01
2e9d3e2c f17c
c17bf61c 0b10
451f7acd f632
53b0ff33 f8d0
75fefe33 fe69
9e3de5a8 04ca
003a278a cb3f
be1768fc 0a6d
93880b00 0318
75d1e9b1 fe69
0160c693 d72f
0c5ba1c8 e56c
70270754 fd81
469efc7f f67a
700a8921 fd81
766d02e9 fe7d
70ae87b9 fd95
36df1d9d f356
7a0aba35 ff14
b0ab69ae 07ee
7d39a063 ff8d
1ff4a22b ed8e
d521285b 0f6d
1aed336d ebf1
ca7ab252 0cef
591c34e6 f9c1
3e59e108 f4e3
9d1a72fc 04a0
be3a25e2 0a6d
c715b034 0c3d
f5be2a2b 1bea
6140aa04 fb21
b1c4a0db 0827
e13e6f1b 12c0
32d15cd0 f276
3d95d93b f4bc
c3d66c06 0b91
9c8e0332 048b
b51fc697 08bd
ff367fb7 2b47
4dac9cee f7c2
d7e10fbc 1021
88f1515e 0164
3211889d f24b
64bb5613 fba9
d0acf1ac 0e57
e0c2715c 12ad
07dbf027 e216
078547c3 e1db
aa1f58fc 06cc
05b1ad89 dfc4
d91ae330 1075
2dcc18c7 f14e
6fe5b8db fd77
e66a3560 147f
b15576ea 0810
070ed99e e162
fc151a6d 22aa
2885e3c3 f001
f2cb1623 1a1f
dc82ad0f 116b
f0017d8e 189c
522f7e87 f88d
c6edc1b8 0c30
0e3e5876 e674
dfc63890 125e
f4ca6b77 1b64
67383180 fc10
b41dc13c 088f
11d8842b e85e
9d097374 04a0
a8576b01 0680
653ee8c5 fbbd
3f2b0eb9 f509
7aef5e07 ff32
75118cb5 fe4b
a16213b8 0553
52d048d4 f8af
c10e253d 0b04
a04efa0b 0529
64093237 fb94
c2b70e90 0b50
63c0d456 fb89
ad958c9d 0767
634a40ca fb75
c5baa279 0bed
05dcaf0c e00f
d0230356 0e39
8fda44f4 027f
f692b605 1ca9
7066324a fd8b
04d2d1e8 ded1
20b06092 edc8
86d490c4 0114
95fbc806 0374
ae54a7c9 0789
2b4c6a9d f0b3
0acc48e5 e470
9cc76955 0496
c63abc6a 0c08
d319afea 0eef
bd60d718 0a48
304053e0 f1e4
bc54b924 0a17
23b6c3a7 eea8
1ab4b631 ebdb
67c8b4a2 fc2f
631b545a fb6a
2505b8f9 ef12
45f4d938 f656
e33cffa5 1364
025db20e da55
55c12cf8 f934
84ff0fee 00c4
17d510e3 eadd
b82277db 094a
976a4c32 03b2
1becb341 ec48
0013351b cb3f
f90a3048 1ede
d1e281ba 0ea3
ca0d62f2 0ce1
8767362f 0128
51656f61 f86c
73ccb9b1 fe19
b3f10777 0883
c6fb4265 0c30
44ff409c f626
f959d551 1f1f
0ecc12d2 e6de
11272dd5 e803
042d024a ddbc
6edd7f76 fd4e
8552034a 00d8
2e816d76 f17c
af189a58 07ab
75f8cc7c fe69
261c38e0 ef58
12b61d3a e8b6
f8d192b5 1e9e
b355396c 086c
5387dbea f8d0
aecca440 079f
7c5cea48 ff6f
5edab8ef fab7
fd628e0b 2512
229409a4 ee5f
4b606741 f75a
deaa778e 11ff
8c9d3354 01fc
fbfcc5dd 2244
9093bc46 029e
f19286a2 1968
02f9592d db7b
9c384400 0477
ca9379fc 0cfd
3d3c21da f4a3
23cf3dab eeba
5cd38d68 fa62
442d35f3 f602
f0959faf 18de
b5716961 08c9
d3003492 0eef
fc0497a0 22aa
6696c4ae fbfc
97b3789f 03bc
f58d7686 1bea
65009304 fbbd
8cea7256 0206
3fa71d23 f522
0f2937c6 e700
314c050b f21f
d7d581d2 1021
350ac1de f2f6
9d21cd80 04a0
3386e548 f2a1
f3df53e7 1abc
798723aa ff00
aee7acde 079f
aa6175b2 06d7
5da69af6 fa82
c767a4d7 0c4a
0fc314a6 e764
95a7372c 036a
a4c4aeaa 05e9
e623e4a7 1468
1ba00985 ec32
3a530533 f413
343bbd40 f2bd
9f4d8f5b 04ff
c9e0d529 0cd3
d8033367 1031
82090e2c 0055
efc5e126 187c
62358c97 fb40
c55a600b 0be0
22c45db9 ee71
dcb83089 116b
1fb9a8d6 ed7b
4d411139 f7b6
f3332a3e 1a46
0b67dacd e4c7
0d0ff1b8 e5e1
478a1838 f6aa
60cee125 fb0c
ca34f4e5 0ce1
4a5cb7f1 f72c
f425760b 1ae5
4ae191e0 f743
dbe3aee4 1135
eea262cc 17df
d32f1f57 0eef
fd9e588d 25ab
482e8236 f6c2
57a9f13d f980
43291f71 f5d1
59060925 f9c1
ff967999 2f9a
74772162 fe2d
423b9dec f59f
fd4f6902 2512
9b9afa6b 0462
c8ddc930 0c9c
da4e2291 10cb
a0bc9093 0534
f8952fc7 1e61
88c8a211 0164
737ae0c5 fe04
abfa22ce 071a
69acaddb fc77
f91dc49e 1ede
defb41eb 1211
a06275b8 0529
0112866b d614
f6b5354a 1ca9
df1b7de8 1224
3e33c9dc f4d6
912d7303 02b2
692ffcf0 fc63
20126e11 eda2
7fee514e fffb
ffa30600 2f9a
3ae0ac81 f42d
dda77208 11b4
e405008a 13b8
bebb4bd9 0a86
ff87959a 2f9a
377fe622 f372
d21a9e9b 0eb2
b1006cc2 0805
4c7ef233 f788
c8cf189a 0c9c
26c2bc41 ef8b
bd226eb1 0a3c
9e8eeb94 04df
401bf5cb f53c
1fc6f3db ed8e
3fcf7e90 f52f
c219e9f3 0b37
d700b425 0fef
ba77e532 09b6
1cbbedab ec87
ccd9c0e0 0d7c
3749c9bc f372
8edcac99 0257
092eb3ae e324
8fc05dfd 027f
03c8f947 dd56
35a05194 f311
2c5efb2e f0f1
ae06f3f4 077e
3954a8dc f3de
f3851215 1a94
3341bd84 f293
300454a0 f1d6
da66a2f1 10cb
626c8d07 fb4b
3083b420 f1f3
08ab3431 e2bc
541f0b71 f8e6
7f8a1f7a fff1
8f8c0f42 0275
a7eb7a54 066a
5bee2053 fa38
a8c6efc6 0696
cc12974d 0d51
ed309e06 172d
fd0d96c0 2485
5a521ecd f9f7
12337b29 e87b
fb5b1a34 2187
acf6fafc 0746
cc7e1bd4 0d5f
e5c02383 1452
ed73e05b 174a
06011b52 e057
cd0fdabd 0d8a
65c8528e fbdd
46daf4d9 f686
d92e99d1 1075
b541d7c6 08c9
3fc50667 f52f
3fe6b98c f52f
ac9653a3 073b
47226a8b f692
00f60157 d4b9
1289efbf e8b6
8dc6646f 022e
2e627ad8 f16d
9368a6f5 030e
cc17cf17 0d51
d9fb1cef 10a8
a43769c6 05c8
0d925746 e62c
b8fb95f8 096e
e80be047 1523
02be294c daee
37abe8ea f37f
78a1c430 fed8
41dabf4d f593
d8dba5e7 1064
bb2e1abe 09da
0b8c2810 e4f1
120d91db e87b
0c80829f e593
42760a31 f5ac
f901953e 1ede
880ea8a2 0146
534e600d f8c5
b2161793 0833
a59df7ae 0609
7a7261fd ff1e
cecf4d16 0def
43adf2d9 f5e9
16c3a99f ea7c
56182aeb f93f
17d6ed44 eadd
868c2dc5 010a
cee4a673 0def
6b74d051 fcbf
e905c84f 1584
c6c9fa08 0c30
19f5ef3e eb98
5aaa715b fa02
fa780660 203c
4761b802 f69e
9ff2474a 0514
c18a78f9 0b1d
585b9d3b f9a1
ab5ffb14 0703
acf951f2 0746
4eb5c30f f7f0
1411ceb5 e95e
b0a7cb8d 07ee
563d690c f93f
863551ff 00f6
ca511fd8 0cef
35af1723 f311
a0ad8f25 0534
cc714ef1 0d5f
856b2b8b 00d8
725e30a7 fddc
20002480 eda2
0e1dbf96 e674
e8a9d824 1553
3e2e5d32 f4d6
92f81bf5 02f9
5c332c28 fa42
3c3a9ae1 f46f
05312775 df25
9c5cbbbe 0481
a4cf09a7 05e9
5bdb8cc4 fa38
7487bd53 fe37
1a787baf ebc5
db2b8ae3 10ff
0ab6037b e444
1844e3c7 eb0d
7150a4ef fdb3
2ea1282a f17c
cdd83a1e 0db5
fd4c4655 2512
5b42a751 fa22
a8e125b5 0696
a3d2d58b 05be
7c9ae103 ff79
9c452ad6 0481
0a5e5113 e416
6ade7c72 fcab
10b80034 e7c4
785c7aeb fece
300d6c92 f1d6
ff57dfee 2d09
c935df56 0caa
0bad4a51 e4f1
207c16e7 edb5
bf57bf71 0aab
df271746 1224
5bb8fefd fa2d
61a3fa91 fb2b
61c15609 fb36
3bdc7b84 f462
a6b67efe 0634
729cbeed fde6
41ac2355 f587
8cb68f53 01fc
4d62f9ac f7b6
fcaf4717 2388
6057fa5a faf7
cfd84965 0e2a
f36fc5bf 1a6d
d0cead5c 0e66
89e08167 018d
0d4ff577 e606
7eca3a40 ffd3
a68f3f55 0634
8396c55e 0091
921ad5bc 02db
9d3c8e04 04a0
a610c5da 061e
13363ba3 e8ef
8dce5daa 022e
4f978071 f81d
432a30e2 f5d1
dc07b723 1146
d320ddbf 0eef
3830db27 f39b
4593154a f64a
1cfc5673 ec9c
126eaab7 e899
adbbb27c 0767
271ccb8f ef9c
e14b7c84 12d4
f23af833 19b0
94eaddae 034b
e53505c0 140f
93625f43 030e
71d83887 fdc8
a13a6ed0 0549
b6a1f457 0903
afa367c5 07c1
261cf067 ef58
cbbd20a6 0d35
9ddd6ef5 04c0
75ec5b58 fe69
edd76793 1785
3dbef6c6 f4bc
aacba5b0 06ed
d60b29d0 0fae
cb8c03e0 0d35
08e1524b e2f1
0f0c9195 e700
a3c649dc 05be
3f67be0e f516
d4f26c22 0f5d
0f4304e0 e722
f85e4831 1e25
80ded339 0023
ca2a715f 0ce1
e3b1ea35 138e
b001a04e 07d8
28f07cca f011
bd2dce35 0a3c
3dbfe545 f4bc
54ff2b50 f908
d81edea6 1031
d4676da1 0f3e
1df05e11 ecef
061a22d9 e057
a4208656 05c8
115285e6 e821
b85e53fc 0956
f3520dbb 1a6d
8a9118ae 01ab
6b66952a fcbf
bed2edcd 0a92
4ba1e121 f766
5a1b56c2 f9ec
6b4b4137 fcbf
9567ba21 0360
45ae4ada f64a
16b68906 ea63
1b41e6b5 ec1d
a28f3fdd 0588
a0617e2d 0529
853eef42 00ce
0c5ab195 e56c
45bcb198 f64a
a777ca63 0654
b8e482f4 096e
597d3596 f9cc
ec75c0bb 16d9
ba51960e 09b6
85f1a4f1 00ec
b24647dd 083e
8cabc33e 01fc
7b47c3c7 ff46
db972972 1123
a6ffda56 063f
2998f387 f042
e59938a3 143b
c3681073 0b77
4dca76b7 f7cd
0dbc62b0 e62c
6ff2810b fd77
c058f34c 0ade
4c48d4a7 f788
2a5a1cf2 f073
700bc1d6 fd81
d45ede26 0f3e
e52566c6 140f
4a14826f f720
33094f04 f284
e82f70a0 1523
9f8e96d8 0509
38c30b86 f3c3
5e0478c2 fa97
48d22ab5 f6e5
10bb86d5 e7c4
0190652d d820
8a66a51f 01a1
d0eba2d5 0e66
dc64d1f9 1158
63688b16 fb75
3f1d8816 f509
d7ba1efb 1010
d25e7e32 0ec1
16cf4ff6 ea7c
57eac9cf f98b
ca117d25 0ce1
63d9c248 fb89
fcd63786 2402
e0f4ac06 12ad
59c89ddf f9e2
9cf49e28 0496
3840ef95 f3a8
2a1ac9a7 f063
e40eb01b 13b8
a5f74fbd 0614
2d66593d f12f
1645c50b ea4a
22390e87 ee3a
a66cfe9f 0629
09dd3d5f e3b8
43b6167f f5e9
94305940 032c
9d152e28 04a0
2cb94ff7 f101
111ae2f1 e803
4eb44c94 f7f0
bc9fd5d8 0a23
fa56d8de 203c
d8e992cb 1064
00d8624c d4b9
50635a74 f83f
dafb983e 10ee
1736d274 ea95
01b42c06 d820
ab64939d 0703
795aa0b5 fef6
da313a59 10b9
e3437972 1379
e9b46954 15b6
fb9cb209 21e3
b039eac4 07d8
7ed74480 ffd3
47a4fc90 f6aa
6d251ab1 fd07
2a712a2c f073
1c2e6260 ec5d
206cccc8 edb5
083c1afe e24e
57768810 f975
940087d6 032c
e45ec85b 13ce
abbbcd2d 070f
5f64aafd facc
d2a690fe 0ed1
f6683778 1c78
09f48f2a e3b8
0de58267 e650
6fbab808 fd6c
65f8a8ad fbdd
57940b52 f980
7ca146a7 ff79
af610863 07b6
31230289 f211
8d3ae58a 0210
50935997 f84a
6e1ca382 fd2f
fe47ae97 27e0
5f60aaf8 facc
266fde4a ef69
353149be f2f6
d1ea018b 0ea3
7d7e3dac ff97
341793e9 f2bd
9a01da95 0423
4cb127ac f794
ba93546e 09c2
6b110a15 fcb5
fd312f43 2485
eb44a244 166c
9d7f6e0e 04ab
351a8aea f2f6
264cc611 ef69
816b8284 0037
24641e6c eedd
b9d68d8e 099e
73a306c4 fe0e
502d8e12 f834
e8d58727 156b
e9b136be 15b6
19c9e19d eb98
d2874ab1 0ed1
a895bc1a 068b
0097d980 d2f7
6660fba7 fbf1
d30ada20 0eef
09e2af0f e3b8
995c5050 0404
827c9843 005f
65ca3f52 fbdd
92655288 02e5
a409817c 05c8
09858c19 e388
9722c4bf 03a8
9644ae8b 0389
c9264b24 0caa
7fe21700 fffb
251fcf42 ef12
d39e0b48 0f0f
ca3d2ef7 0ce1
1c487e7e ec72
0d33b1f9 e5e1
e4488a51 13ce
87a0b5fe 0132
afdba898 07cc
a28a21ef 0588
52553f96 f899
13e8f825 e943
0f42418e e722
b18e661e 081c
e1d4dd0a 12fd
2ab67635 f083
3d8c202a f4bc
7cc24987 ff83
ded1035b 1211
46b905ef f67a
8c1a798c 01e7
7f9bc207 fff1
13e3327a e943
49f2cd1a f714
4ba0958f f766
34256b06 f2bd
7c72c0c3 ff6f
50d54fc1 f855
9d386dd2 04a0
56e834e4 f95f
6d1323f8 fd07
49ed76c3 f714
e009917e 1272
23b2241b eea8
b2732a8b 083e
a65976bf 0629
fa7b1f75 203c
8a1a3784 0197
51551324 f86c
f0ee562a 1900
353d95bd f2f6
06000bf5 e057
e4b5ef06 13e3
e477791f 13ce
01044746 d614
b42759e5 088f
e3674cfe 1379
836c14f9 0087
3527ae4b f2f6
c0567a18 0ade
ff50c557 2d09
473fedca f692
f7cd6fe7 1db2
82efd559 0073
3ac2aa8d f42d
257bee5a ef24
a101b4aa 0549
9149abad 02bc
bf8b0722 0ab8
670ca6b0 fc10
26075881 ef58
b367f000 086c
b35f83ff 086c
8df8d416 022e
9a0a63e2 0423
d78a5560 1010
5b7a1c95 fa22
6a664931 fc96
363c8056 f32d
a7be8528 065f
c834bc71 0c73
0397e92b dcea
5a6192f3 f9f7
8edfa1fc 0257
24125278 eecb
13bcc938 e927
174289da eaad
ed1ca4fd 172d
416605a4 f57a
4d2dbc9f f7ab
33a9537f f2a1
d2e9cc69 0ee0
48f190d4 f6e5
4bbae4e5 f766
e759a63e 14db
08e0da96 e2f1
33a80c4b f2a1
480425c2 f6c2
29aa7971 f042
52908c54 f8a4
ae048070 077e
a2d4e013 0593
9a2ad1d0 0423
53c18c2e f8db
4e99d0ce f7f0
4003e3b3 f53c
77ae39aa feb0
39f133b8 f3f8
0fee6919 e764
582d272d f996
591d1527 f9c1
18bfbb84 eb25
9770161b 03b2
ad7a7ba7 075c
dccdb1c7 117d
6a300678 fc8c
4e0ff16a f7d9
cab9f742 0cfd
851a1612 00ce
7115041a fda9
e99e14d0 15b6
3553d8f7 f303
f865681e 1e25
3fc59472 f52f
d9d18e00 10a8
82c6aa5e 0073
900dd5d3 0289
48c1b882 f6e5
ea00669a 15e9
eace4d56 1637
dfed19ee 125e
e7774fb8 14db
552734de f913
11c3d8ec e85e
b8ba0b9f 0962
354a25bd f303
6c9664c8 fcf2
c83370f8 0c73
196e42f0 eb6a
f3b1b48a 1a94
4f32164f f806
f0e3a505 1900
030ed573 dbfe
2051376f edb5
8ea60ea8 024d
5160c066 f86c
0cd56d5b e5ba
3d041589 f4a3
422845c9 f59f
b64b92ee 08f7
c28c040f 0b50
e23cad9d 1311
d50fe7a9 0f6d
07b85aa7 e1db
9dc62387 04c0
a67ae5b2 0629
121dc5ce e87b
eaaa7472 161c
575c47c6 f975
d7864c04 1010
b43453c6 088f
b59994f0 08d4
9fedf275 0514
9b7b91c7 0457
a4ed44a7 05e9
c9d467be 0cd3
adb976b1 0767
14545c4c e97a
a722a4da 064a
75e86d57 fe69
f3c378bb 1abc
bf8fdc50 0ab8
06751810 e09d
c97769b9 0cb7
ad229ed1 0751
3a3ead5d f406
2f680b0f f1a9
3208bf70 f24b
5da83066 fa82
d3a98e8b 0f0f
67c32fb8 fc2f
542db05f f8e6
f3761fb9 1a6d
2e2a5eb1 f15d
fd330cee 2485
be2af1e5 0a6d
766f411f fe7d
5c994a6a fa58
c91946b4 0caa
7bb94bdc ff50
432025d4 f5d1
07cba0ef e216
0a436cbf e416
e6c5746a 14ad
287b09b7 eff0
dbf8d91e 1135
123d8a93 e87b
4ae9a596 f743
cf6198ad 0e0d
1fd3883f ed8e
5353aeee f8c5
97483614 03b2
9622b7d8 037e
fb871310 21e3
f41c1cdc 1ae5
605dc7d0 faf7
30571b4d f1e4
9af04060 0443
123f49f9 e87b
8de2eed0 022e
418e3dc9 f587
d6cc36df 0fde
0cc37d04 e5ba
1da103e8 ecdb
ec342bba 16bd
cd789a2a 0d98
255b17bd ef24
1193c5c7 e840
53814368 f8d0
f7ada15f 1d7a
5b6472f7 fa22
ee642e05 17c0
e3a21907 138e
1aa4370a ebdb
1c8dd793 ec87
35adfc32 f311
a6e7b7b5 063f
26433d3f ef69
c4fe740b 0bc5
da9859c2 10dc
1b0e8700 ec07
bf7b95b2 0aab
f3fda493 1abc
76b68804 fe87
0f82b403 e743
e98e657a 15b6
73d0fb96 fe19
b4fa2e77 08b1
f5af3124 1bea
01cd557a d8f2
54d5c13f f908
27abf1be efbe
34d98c49 f2e8
f8a17b03 1e61
41be27f8 f587
5a6fcfe2 f9f7
2884406c f001
5cee7b8a fa62
259acc94 ef35
7b3aa34a ff3c
a3ff7e10 05be
ca0c0a2e 0ce1
ef46660b 183c
0942593d e357
4f223c35 f806
74b8aaeb fe37
7f82ee5b fff1
329797e8 f268
b2b8cf61 084a
8dc8b983 022e
fe4e5729 27e0
9f872115 0509
01736547 d72f
2a9d328a f083
1b1f4b2a ec07
93469e2f 030e
f173cec8 1945
f50f7992 1b90
1113511b e803
6e9609c5 fd44
d7c56a91 1021
bbffc0b2 09fe
fca3dd9b 2388
f98417a0 1f63
4c465540 f788
6c38c748 fcde
4cb285eb f794
8b0c941b 01bf
6075e49e faf7
89c543fc 018d
f9d3bf1e 1fa9
b9bc4d1a 0992
8840f648 0150
9ea636db 04df
dd7fc4aa 11a1
3f9f094f f522
5b1e2a2a fa17
4952e975 f6fd
d4d613c2 0f5d
9536d8ab 0355
88d7ec7d 0164
884dc135 0150
5b3b28d4 fa17
2037af5c eda2
979b4545 03bc
6750099c fc1b
7e34cb5c ffb5
4ddea816 f7cd
8fb0ead2 0275
876db566 0128
9266deb9 02e5
9387d538 0318
54a158c8 f8fd
b793cbff 0932
f07cac41 18bd
5952fc29 f9cc
f24c9e91 19d4
